Bus No,Start,Destination,Route,Area Section
M5,Adyar,Kelambakkam,"Thiruvanmiyur, Perungudi, Sholinganallur",Adyar
19D,Adyar,Chemmenchery,"Thiruvanmiyur, SRP, Perungudi",Adyar
19K,Adyar B.S.,Siruseri,"Thiruvanmiyur, Perungudi, Navalur, Thalambur",Adyar
19P,Adyar B.S.,Kelambakkam,"SRP Tools, Perugudi, Sholinganallur, Navalur, Thalambur, Sirusery, Pudupakkam, Chettinad Hospital",Adyar
519 cut,Adyar,Thirupporur,"SRP tools, Sholinganallur, Kelambakkam, Kalavakkam",Adyar
519A cut,Adyar,Aalathur IE,"SRP tools, Sholinganallur, Kelambakkam, Thirupporur",Adyar
519T,Adyar,Thaiyur,"Perungudi,Sholinganallur,Kelambakka m",Adyar
522,Adyar,Manamathi,"Perungudi, Sholinganallur, Kelambakkam, Thirupporur",Adyar
568,Adyar,Mamallapuram,Rajiv Gandhi Salai,Adyar
C51,Adyar,Tambaram West,"Camp Road, Kamarajapuram, Medavakkam, Sholinganallur, ECR, Injambakkam, Thiruvanmyur",Adyar
588,Adyar,Mamallapuram,"Thiruvanmiyur, Injambakkam, Kovalam, Thiruvedanthai, Vadanemili",Adyar
251A,Agaramthe n,T.Nagar,"Bharath Engg. College, Camp Road, Kamarajapuram, Medavakkam,",Agaramthen
51A,Agaramthe n,Tambaram East,Camp Road,Agaramthen
20K,Ambattur I.E,Thiruverkadu,,Ambattur IE
20P,Ambattur I.E,Poonamallee,"Ayapakkam, Saveetha Engineering College, Kumananchavadi, Karaiyanchavadi",Ambattur IE
61A,Ambattur I.E,Melapedu,"Dunlop, Amabttur OT, Thirumullaivoyil, Avadi, HVF Hospital",Ambattur IE
65B,Ambattur I.E,Poonamallee,"Karayan chavadi, Seeneerkuppam, Goverdhangiri, Avadi Market, Avadi, Thirumullaivoyal, Ambathur OT, Canara bank, Dunlop, AMBIT Park",Ambattur IE
65C,Ambattur I.E,Pakkam,"Dunlop, Ambattur OT, Thirumulaivoyil, Avadi, Pattabiram, Jaya College, Thirunindravur",Ambattur IE
65E,Ambattur I.E,Poonamallee,"Ambattur OT, Avadi, Kamaraj Nagar, Karaiyanchavadi",Ambattur IE
65P,Ambattur I.E,Pattabiram,"Ambattur OT, Avadi Market, Poonamallee, Thandurai",Ambattur IE
65R,Ambattur I.E,Iyyapanthangal,"Ambattur OT, Avadi Market, Karaiyanchavadi, Kumananchavadi",Ambattur IE
70D,Ambattur I.E,MadipakkamB.S .,"Collector Nagar, CMBT, Vadapalani, Ashok Nagar, Guindy, Velachery, Ram Nagar",Ambattur IE
D70,Ambattur I.E,Velachery,"Collector Nagar, CMBT, Vadapalani, Ashok nagar, Guindy, Checkpost, Velachery Bypass road",Ambattur IE
M70V,Ambattur I.E,Guindy TVK Estate,"Collector Nagar, Vadapalani",Ambattur IE
M270,Ambattur I.E,Puzhuthivakka m,"Aadambakkam, Guindy, Udhayam, CMBT, Thirumangalam",Ambattur IE
562,Ambattur Estate,Thandalam,"Periyapalayam, Red Hills, Puzhal, Pudur, Ambattur OT",Ambattur IE
563,Ambattur I.E,Periyapalayam,"Ambattur OT, Avadi, Pattabiram",Ambattur IE
570A,Ambattur Estate,Kelambakkam,"CMBT, Vadapalani, Ashok Nagar, Guindy, Check post, Velachery, SRP tools, Perungudi,Sholinganallur, Navalur, Padur",Ambattur IE
7E,Ambattur I.E,Broadway,"Central R.S, Choolai P.O, Doveton, Purasaiwakkam, Kellys, Kilpauk Gardens, Chinthamani, Thirumangalam, Wavin",Ambattur IE
7H xt,Ambattur I.E,Broadway,"Central R.S, Vepery, Purasaiwakkam, Kellys, Kilpauk Gardens, Chinthamani, Thirumangalam",Ambattur IE
20E,Ambattur I.E,Ayyapakkam,,Ambattur IE
22A,Ambattur I.E,Thirunamiyur,"Korattur, Lucas, Nathamuni, ICF, Ayanavaram, Kellys, Purasaiwakkam, Egmore, Triplicane,Ka nnagi statue, Santhome, AMS, Adyar",Ambattur IE
34,Ambattur I.E,Thiruvottiyur,"Thirumangalam, Rountana, Chinthamani, Kellys, Purasaiwakkam, Choolai P.O., Regal, V.Nagar, Tondiarpet, Tollgate, Therady",Ambattur IE
47C,Ambattur I.E,Kotturpuram,"Saidpet, T. Nagar, Mahalingapuram, Choolaimedu, Roundtana, Thirumangalam, Wavin",Ambattur IE
62A,Ambattur I.E,Red Hills,Pudur,Ambattur IE
219,Ambattur I.E,Kelambakkam,"Collector Nagar, Thirumangalam, Anna Arch, Choolaimedu, Mahalingapuram, T.Nagar, Saidapet, Madhya Kailash, Tidel Park, Thoraipakkam, Siruseri",Ambattur IE
572,Ambattur I.E,Thiruvallur,"Ambattur OT, Avadi, Pattabiram, Thirunindravur, Veppampattu, Sevapet, Kakallur",Ambattur IE
572K,Ambattur I.E,Kilanur,"Avadi, Pattabiram, Thirunindravur, Veppampattu, Sevapet",Ambattur IE
70L,Ambattur Karukku,CMBT,,Ambattur Karukku
D41,Ambattur O.T.,Thiruvanmiyur,"Korattur, Lucas,Thirumangalam, Amijikarai, KMC, Chetpet,Sterling road, Gemini,Teynampet,Nandanam, Adyar Gate, Mandaveli, AMS, Adyar",Ambattur OT
170K,Ambattur O.T,Guduvanchery,"V.Z00, Tambaram, Pallavaram, Guindy, Udhayam, Vadapalani, CMBT, Anna Nagar, Padi, Ambattur I.E",Ambattur OT
47D,Ambathur O.T.,Thiruvanmiyur,"Adyar, T. Nagar, Sterling Road, Ambattur I.E",Ambattur OT
71,Ambattur OT,Broadway,"Central R.S, Taylors Road, New Avadi road, Nadhamuni, Padi, Ambattur IE",Ambattur OT
147C,Ambattur O.T.,T.Nagar,"Collector Nagar, Blue Star, Anna Hospital, Loyalla College, Sterling Road, Valluvar Kottam",Ambattur OT
253,Aminjikarai,Vellavedu,"NSK, Mathuravoyal, Vellapanchavadi, Kumananchavadi, Poonamallee, Thirumazhisai",Aminjikkarai
60,Anakaputh ur,Broadway,"Pammal, Pallavaram, Guindy, Little Mount, Saidapet, Teynampet, DMS, TVS, Simpson, Central R.S",Anakaputtur
60C,Anakaputh ur,Broadway,"Pammal, Pallavaram, Guindy, Little Mount, Saidapet, Teynampet, DMS, TVS, Simpson, Central R.S",Anakaputtur
M70 xt,Anna Nagar West,Thiruvanmiyur,"Thirumangalam, CMBT, Vadapalani, Ashok nagar, Guindy, Checkpost, Velacherry, Taramani, SRP tools, Jayanthi",Anna Nagar West
15,Anna NagarWest,Broadway,,Anna Nagar West
15A,Anna Nagar West,Broadway,Kilpauk,Anna Nagar West
15D,Anna Nagar West,Broadway,"Dasaprakash, Anna Hospital, 14 Shops",Anna Nagar West
23M extn,Anna Nagar West,Thiruvanmiyur,"Adyar, Gandhi mandapam, Little mount, Saidapet, T.Nagar, Panagal park, Liberty, Power house, Vadapalani, MMDA Colony, CMBT, Thirumangalam",Anna Nagar West
24A,Anna Nagar West,V House,"Shanthi Colony, K4 Police station, Chinthamani, Aminijikarai, Chetpet, Gemini, Royapetah",Anna Nagar West
27C cut,Anna nagar West,T. Nagar,"Panagal park, Bharathinagar, Liberty, Power house, Vadapalani, MMDA Colony, CMBT, Thirumangalam",Anna Nagar West
41C,Anna Nagar West,Thiruvanmiyur,"Adyar Depot, Adyar, AMS, Mandaveli, Mylapore, Luz, Alwarpet, DMS, Gemini, Sterling Road, Chetpet, KMC, Amijikarai, Rountana, Thirumangalam",Anna Nagar West
2A,Anna Square,M.K.B Nagar,"Vyasarpadi, Basin Bridge, Regal, Elephant gate, Central R.S, P R & sons, Walaja Road, Bells Road",Anna Square
2A xt,Anna Square,Kaviarasu Kannadasan Nagar,M.K.B Nagar,Anna Square
C2,Anna Square,Anna Square,"Secretariat, Parrys, Beach Road, Stanley Hospital, Vallalar Nagar, Regal, Central, Pallavan Road, Wallajah road, Chepauk, Triplicane, Ezhilagam",Anna Square
12G,Anna Square,K K Nagar,"MGR Nagar, Ashok Pillar, West Mambalam, Alwarpet, Luz",Anna Square
25G,Anna Square,Poonamallee,"Kannaki Statue, V.House, Royapettah, Palmgrove, Liberty, Vadapalani, Porur, Iyyapanthangal, Kumananchavadi",Anna Square
27E,Anna Square,Elango nagar officer colony,"Collector nagar, Thirumangalam, Rountana, Amijikarai, KMC, Egmore RS, Zimson, Triplicane, Kannaki Statue",Anna Square
27H,Anna Square,Avadi,"Triplicane, LIC, DPI, Sterling Road, Anna Arch, Thirumangalam, Padi, Ambattur OT",Anna Square
27H xt,Anna Square,Pattabiram,"Triplicane, LIC, DPI, Sterling Road, Anna Arch, Thirumangalam, Padi, Ambattur OT, Avadi",Anna Square
27L,Anna Square,Mogappair West,"Triplicane, Ethiraj College, Loyola College, Choolaimedu, Thirumangalam",Anna Square
27R,Anna Square,Oragadam,"Triplicane, LIC, DPI, Sterling Road, Choolaimedu, Anna Arch, Thirumangalam, Vavin, Ambattur I.E,Ambattur OT",Anna Square
H27,Anna Square,Ambattur,"Triplicane, LIC, DPI, Sterling Road, Loyola College, Choolaimedu, Roundtana, Thirumangalam, Vavin,Ambattur I.E",Anna Square
40A,Anna Square,Avadi,"Triplicane, LIC, Egmore, KMC, Aminjikarai, Chinthamani, Blue Star, Collector Nagar, Ambattur OT",Anna Square
45B,Anna Square,Guindy,"Saidapet, Nandanam, Teynampet, Alwarpet, Luz, Chennai Citi Centre",Anna Square
45G,Anna square,Guindy,"Marina Beach, Chennai Citi Centre, Mylapore, Mandaveli, Adyar G ate, Nandanam, CIT Nagar, Srinivasa, Mettupalayam, Saidapet West",Anna Square
M45B,Anna Square,Nanganallur,"Saidapet, Nandanam, Teynampet, Alwarpet, Luz, Chennai Citi Centre",Anna Square
M45E,Anna Square,Kilkattalai,"Triplicane, Chennai Citi Centre, Luz, Saidapet, Velachery",Anna Square
127B,Anna Square,Thiruverkadu,"Maduravoyal, KoyambeduMarket, Amijikarai, KMC, Chetpet, EgmoreR.S, Chindhatripet, Triplicane",Anna Square
127H,Anna Square,Villivakkam,"Triplicane, LIC, DPI, Sterling Road, Anna Arch, Thirumangalam, Nadhamuni",Anna Square
C2,Anna Square,Anna Square,"Ezhilagam, Triplicane, Chepauk, Wallaja Road, Pallavan Road, Central, Regal, Vallalar Nagar, Royapuram bridge, Beach Road, Parrys, Secretariat",Anna Square
C2,Anna Square,Anna Square,"Secretariat, Parrys, Beach Road, Stanley Hospital, Vallalar Nagar, Regal, Central, Pallavan Road, Wallajah road, Chepauk, Triplicane, Ezhilagam",Anna Square
13A,Anna Square,T.Nagar,"Triplicane, Zambazzar, Express Avenue, Royapettah, Gopalapuram playground, Sapphire, LFC, Vanimahal",Anna Square
22B,Anna Square,Korattur,"Lucas, Nathamuni, ICF, Ayanavaram, Kellys, Purasaiwakkam, Egmore, Triplicane,Ka nnagi statue",Anna Square
27B,Anna Square,CMBT,"Koyambedu, Arumbakkam, NSK nagar,Amijikarai, KMC, Chetpet, MMC School, Egmore RS, Chindatripet, Zimson, Triplicane, Kannaki Statue",Anna Square
29A,Anna Square,Perambur,"Otteri, Devoton, Egmore, Pudhupet, Walaja Road, Bells Road, Triplicane",Anna Square
M45A,Anna Square,Velachery,"Saidapet, Nandanam, Adyar Gate",Anna Square
242xt,Anna Square,Red Hills,,Anna Square
61C,Avadi,Muthapudupet,"HVF Hospital, HVF Main Gate",Avadi
61K,Avadi,Kaniyamman Nagar,"HVF Hospital, Kovilpadagai, Veerapuram",Avadi
61R,Avadi,Red Hills,"HVF Hospital, Kovilpadagai, Vellanur, Veerapuram, Kadavoor",Avadi
62,Avadi,Red Hills,"Thirumullaivoyal, Ambathur OT, Pudur, Kallikuppam, Surapedu, Puzhal, Bypass road, Kavangarai, Ayurveda Ashramam",Avadi
65,Avadi,Poonamallee,"Govardhanagiri, Mettupalayam, Kaduveti, Karaiyanchavadi",Avadi
65D,Avadi,Melkondaiyur,"Pattabiram, Thirunindravur",Avadi
65G,Avadi,Meyyur,"Pattabiram, Thirunindravur",Avadi
65H,Avadi,Red Hills,"Pattabiram, Thirunindravur",Avadi
70,Avadi,Tambaram,"Ambattur, Padi, Thirumangalam, CMBT, Vadapalani, Ashok Pillar, Chennai Airport, Pallavaram, Chromepet",Avadi
70A,Avadi,Vandalur Zoo,Tambaram,Avadi
70B,Avadi,Chromepet Lakshmi,"Ambattur OT, Collector Nagar, CMBT, Vadapalani, Udhayam, Pallavaram",Avadi
A70,Avadi,Pallavaram,"Ambattur, Padi, Thirumangalam, CMBT, Vadapalani, Ashok Pillar, Kathipara, Chennai Airport",Avadi
266,Avadi,Tambaram,"Govardhanagiri, Kaduveti, Karaiyanchavadi, Kumananchavadi, Mangadu, Kundrathur, Pallavaram",Avadi
565A,Avadi,Sunguvarchatira m,"Govardhanagiri, Karaiyanchavadi, Poonamallee, Irrunkatturkottai, Sriperumbudur",Avadi
580,Avadi,Arani,"Pattabiram, Thiruninravur, Pakkam, Tamaraipakkam, Vadamadurai, Periyapalayam Koot road",Avadi
580M,Avadi,Malanthur,"Pattabiram, Thiruninravur, Pakkam, Tamaraipakkam, Vengal, Vengal Koot road",Avadi
24C,Avadi,V House,"Ambattur OT, Collector Nagar, Blue Star, Chinthamani, Aminijikarai, Chetpet, Gemini, Royapetah",Avadi
27H,Avadi,Anna Square,"Triplicane, LIC, DPI, Sterling Road, Anna Arch, Thirumangalam, Padi, Ambattur OT",Avadi
41D,Avadi,Mandaveli,"Ambattur OT, Korattur, Lucas,Thirumangalam, Amijikarai, KMC, Chetpet,Sterling road, Gemini,Teynampet,Nandanam, Adyar Gate",Avadi
47D,Avadi,Thiruvanmiyur,"Adyar, T. Nagar, Sterling Road, Ambattur I.E",Avadi
A47,Avadi,Thiruvanmiyur,"Adyar, T.Nagar, Pushpa Nagar, Ambattur I.E",Avadi
M70A,Avadi,CMBT,"Ambattur O.T, Collector Nagar",Avadi
120,Avadi,Broadway,"Central R.S, Purasaiwakkam, Sayani, ICF, Padi, Ambattur OT",Avadi
A147,Avadi,Thiruvanmiyur,"Adyar, T.Nagar, Pushpa Nagar, Ambattur I.E, Collector Nagar",Avadi
150,Avadi,Broadway,"Central, Dasaprakash, KMC, Amijikarai, Arumbakkam, Koyambedu, Nerkundram, Maduravoyal, Vanagaram, Velappan chavadi, Thiruverkadu, Govardhangiri, Avadi Market",Avadi
162A,Avadi,Mathur MMDA,Puzhal,Avadi
572A,Avadi,Thiruvallur,"Pattabiram, Thirunindravur, Veppampattu, Sevapet, Kakallur",Avadi
71H,Avadi Kamaraj Nagar,Broadway,"Central R.S, New Avadi road, Nadhamuni, Ambattur IE, Ambattur OT, Avadi",Avadi
22,Ayanavara,Anna Square,"Egmore, Triplicane,Kannagi statue",Ayanavaram
23C,Ayanavara m,Besant Nagar/Thiruva nmiyur,"Purasaiwakkam, Egmore, LIC, TVS, Saidapet, Adyar",Ayanavaram
35,Ayanavara m,Broadway,"Sayani, Kellys, Purasaiwakkam, Choolai P.O, Central R.S",Ayanavaram
70G,Ayanavara m,Tambaram,"Anna Nagar East, Thirumangalam, CMBT, Vadapalani, Ashok Pillar, Chennai Airport, Pallavaram, Chromepet",Ayanavaram
114A,Ayanavara m,Red Hills,"Puzhal, Nethaji Circle(byepass), Retteri, Lucas, ICF",Ayanavaram
20E,Ayyapakka m,Ambattur I.E,,Ayyappakkam
20J,Ayyapakka m,CMBT,,Ayyappakkam
147Cxt,Ayapakka m,T.Nagar,Ambattur I.E,Ayyappakkam
23M cut,Besant nagar,CMBT,"Adyar, Gandhi mandapam, Little mount, Saidapet, T.Nagar, Panagal park, Liberty, Power house, Vadapalani, MMDA Colony",Besant Nagar
47B,Besant Nagar,Villivakkam,"Avvai Home, Adyar B.S, T.Nagar, Anna Nagar East",Besant Nagar
6A,Besant Nagar,Tollgate,"Adyar, Foreshore Estate, Triplicane, Parry's Corner, Maharani, Washermanpet,",Besant Nagar
23C,Besant Nagar/Thir uvanmiyur,Ayanavaram,"Purasaiwakkam, Egmore, LIC, TVS, Saidapet, Adyar",Besant Nagar
29C,Besant Nagar/Thir uvanmiyur,Perambur,"Jamaliya, Otteri, KMC, Chetpet, Sterling Road/College Road, Gemini, Mylapore, Mandaveli, Adyar",Besant Nagar
1G Cut,Broadway,Madipakkam,"Velachery, Saidapet, TVS, LIC, Central",Broadway
A1 xt,Broadway,Kovalam,"Central, LIC, Royapettah, Luz, Mylapore, Mandaveli, AMS, Adyar, Thiruvanmiyur, Kottivakkam, Palavakkam, Neelangarai, Injambakkam, Uthandi, Kanathur, Muttukadu boat yard",Broadway
5C,Broadway,Taramani,"Madhya Kailash, Kotturpuram, Alwarpet, Royapettah, Chennai Central",Broadway
7B,Broadway,Korattur,"Central R.S, Periamet, Vepery, Doveton, Pattalam, Otteri, Ayanavaram, Joint Office, ICF, Villivakkam, Nathamuni",Broadway
7E,Broadway,Ambattur I.E,"Central R.S, Choolai P.O, Doveton, Purasaiwakkam, Kellys, Kilpauk Gardens, Chinthamani,",Broadway
7F,Broadway,Anna Nagar West,"Central R.S, Vepery, Purasaiwakkam, Kellys, Kilpauk Gardens, Chinthamani, Thirumangalam",Broadway
7G,Broadway,Kaviarasu Kannadasan Nagar,"Moolakadai, Perambur market, Pattalam, Doveton, Periamedu, Central R.S",Broadway
7H,Broadway,Mogappair East,"Central R.S, Vepery, Purasaiwakkam, Kellys, Kilpauk Gardens, Chinthamani, Thirumangalam",Broadway
7H xt,Broadway,Ambattur I.E,"Central R.S, Vepery, Purasaiwakkam, Kellys, Kilpauk Gardens, Chinthamani, Thirumangalam",Broadway
7M,Broadway,Mogappair West,"Central R.S, Vepery, Purasaiwakkam, Kellys, Kilpauk Gardens, Chinthamani, Thirumangalam",Broadway
11,Broadway,T.Nagar,"Panagal park, Vani mahal, Thousand Lights, TVS, Central R.S",Broadway
A11,Broadway,T.Nagar,Teynampet,Broadway
15,Broadway,Anna NagarWest,,Broadway
15A,Broadway,Anna Nagar West,Kilpauk,Broadway
15B,Broadway,CMBT,"Amijikarai, KMC, Dasaprakash, Central R.S",Broadway
15D,Broadway,Anna Nagar West,"Dasaprakash, Anna Hospital, 14 Shops",Broadway
15F,Broadway,Vadapalani,"Virugambakkam, Chinmaya nagar, Koyambedu Market, CMBT, Amijikarai, KMC, Dasaprakash, Central R.S",Broadway
15F cut,Broadway,Koyambedu Ma rket,"CMBT, Amijikarai, KMC, Dasaprakash, Central R.S",Broadway
15L,Broadway,Athipet ICF colony,,Broadway
17,Broadway,Vadapalani,"Central,Chindatripet,Egmore RS, Chetpet,Sterling road, Loyola college, Kodambakkam",Broadway
17A,Broadway,CMBT,"Koyambedu Market, Virugambakkam, Vadapalani, Gemini",Broadway
17B,Broadway,Mangadu,"Paranipathur, Baikadai, Moulivakkam, Porur, Virugambakkam, Vadapalani, Gemini, Thousand lights, Central",Broadway
17C,Broadway,Iyyapanthangal,"Central, Egmore, DPI, Sterling Road, Valluvarkottam, Liberty, Vadapalani, Virugambakkam, Valasarawakkam, Porur, SRMC",Broadway
17D,Broadway,K K Nagar,"Central, Egmore, DPI, Sterling Road, Valluvarkottam, Liberty, Udhayam, Nesapakkam",Broadway
17E,Broadway,Saligramam,"Central, Chindatripet, Egmore, DPI, Sterling Road, Valluvarkottam, Liberty, Vadapalani",Broadway
17G,Broadway,Mogalivakkam,"Kedar Hospital, Ramapuram, Angalamman Koil, Alwarthirunagar, Virugambakkam, Vadapalani, Gemini, Thousand lights, Central",Broadway
17K,Broadway,Dasarathapura m,"Central, Egmore, DPI, Sterling Road, Valluvarkottam, Liberty, Vadapalani",Broadway
17M,Broadway,Iyyapanthangal,"Porur, Virugambakkam, Vadapalani, Kodambakkam Power house, Liberty, Periyar Road, Valluvar kottam, Gemini, Thousand lights, TVS, LIC, Simpson, Central",Broadway
18,Broadway,Guindy,"Central R.S, Zimson, Shanthi Theater, LIC, TVS, Thousand Lights, DMS, Vanavil, SIET, Defence Accounts office, Nandanam, Saidapet",Broadway
18A,Broadway,Perugalathur,"LIC, TVS, Saidapet, Guindy, Pallavaram, Chr omepet, Tambaram Sanatorium, Tambaram",Broadway
18D,Broadway,Kilkattalai,"LIC, TVS, Saidapet, Guindy, St. Thomas Mount",Broadway
18E,Broadway,Ramapuram,"LIC, TVS, Saidapet, Guindy, Nandambakkam",Broadway
18F,Broadway,Guindy,"Central R.S, Simpson, LIC, TVS, DMS, Nandanam, CIT Nagar, Srinivasa, Mettupalayam, Saidapet West",Broadway
18K,Broadway,Saidapet West,"Central R.S, Simpson, LIC, TVS, DMS, Teynampet, Nandanam, CIT Nagar, Srinivasa, Mettupalayam",Broadway
K18,Broadway,Saidapet West,"Central R.S, Simpson, LIC, TVS, DMS, Teynampet, Nandanam, Saidapet, Guindy, Ekkaduthangal,Ashok nagar, Mettupalayam",Broadway
K18 cut,Broadway,Ekkaduthangal,"Central R.S, Simpson, LIC, TVS, DMS, Teynampet, Nandanam, Saidapet, Guindy,CIPET",Broadway
19G,Broadway,Kovalam,"Central, LIC, DMS, SIET, Saidapet, Anna university, Adyar, Thiruvanmiyur, Kottivakkam, Palavakkam, Neelangarai, Injambakkam, Uthandi, Kanathur, Muttukadu boat yard",Broadway
PP19xt,Broadway,Kovalam,"Marina Beach, Thiruvanmiyur, Injambakkam",Broadway
20,Broadway,Villivakkam,,Broadway
20A,Broadway,Mugappair West,"Central RS, Periyamedu, Purasaiwakkam, Villivakkam, Nadhamuni, Ambattur I.E",Broadway
20B,Broadway,Menambedu,"Purasaiwakkam, Villivakkam, Nadhamuni, Padi, Ambattur I.E, Dunlop, Ambattur OT",Broadway
20C,Broadway,Oragadam,"Purasaiwakkam, Villivakkam, Nadhamuni, Padi, Ambattur I.E, Dunlop, Ambattur OT",Broadway
20M,Broadway,Kumaran Nagar,Villivakkam,Broadway
20N,Broadway,Poombukar,Villivakkam,Broadway
21,Broadway,Mandaveli,"Mylapore, Luz, Ajanta, Express Avenue, L.I.C, Simpson, Central",Broadway
21D,Broadway,Thiruvanmiyur,"Indira Nagar, Besant Nagar, Foreshore Estate, Anna Square",Broadway
21E,Broadway,Iyyapanthangal,"Porur, Guindy, Adayar, Foreshore Estate, Anna Square",Broadway
21G,Broadway,Tambaram,"Anna Square, Mylapore, Mandaveli, Adyar Gate, Guindy",Broadway
21H,Broadway,Kelambakkam,"Secretrariat, Anna Square, AIR, Santhome, Foreshore Estate, MRC Nagar, Adyar, SRP Tools, Perungudi, Sholinganallur, Navalur",Broadway
21K,Broadway,Bharath Electronics,"Secretrariat, Anna Square, AIR, Santhome, Foreshore Estate, MRC Nagar, Adyar, Anna University,Guindy, Butt Road, Defence Colony",Broadway
21L xt,Broadway,Kilkattalai,"Marina Beach, Foreshore Estate, MRC Nagar, Adyar, Anna University, Velachery",Broadway
C21,Broadway,Ottiyambakkam,"Secretrariat, Anna Square, AIR, Santhome, Foreshore Estate, MRC Nagar, Adyar, SRP Tools, Perungudi, Sholinganallur, Perumbakkam, Nukkanpalayam, Arasan Kazhani",Broadway
G21,Broadway,Chromepet,"Secretariat, Kannaki Statue, QMC, Kalyani Hospital, Sanskrit College, Luz, Mylapore, Mandaveli BS, Adyar Gate, Kotturpuram, Anna university, Guindy, Pallavaram",Broadway
H21,Broadway,Chemmenchery,"Secretrariat, Anna Square, AIR, Santhome, Foreshore Estate, MRC Nagar, Adyar, SRP Tools, Perungudi, Sholinganallur",Broadway
L21,Broadway,Velachery,"Marina Beach, Foreshore Estate, MRC Nagar, Adyar, SRP Tools",Broadway
R21,Broadway,Pallavaram,"Eachangadu, Kilkattalai, Velachery, SRP, Adayar, Foreshore Estate, Anna Square",Broadway
S21,Broadway,Mettukuppam,", Adyar",Broadway
T21,Broadway,Kannagi Nagar,"Thoraipakkam, Adyar, Marina",Broadway
M21G,Broadway,Guindy,"Secretariat, Kannaki Statue, QMC, Kalyani Hospital, Sanskrit College, Luz, Mylapore, Mandaveli BS, Adyar Gate, Kotturpuram, Anna university,",Broadway
M21G xt,Broadway,Ekkaduthangal,"Secretariat, Kannaki Statue, QMC, Kalyani Hospital, Sanskrit College, Luz, Mylapore, Mandaveli BS, Adyar Gate, Kotturpuram, Anna university, Guindy",Broadway
PP21,Broadway,Guduvanchery,"Secretariat, Chepauk, Q.M.C, Fore Shore Estate, Adyar Bus Stand, Guindy,Pallavaram, Chromepet, Tambaram, Vandalur Zoo",Broadway
33,Broadway,M.K.B Nagar,"Vyasarpadi, Basin Bridge, Mint, Mannadi",Broadway
M33xt,Broadway,Kaviarasu Kannadasan Nagar,"M.K.B Nagar, Vyasarpadi, Basin Bridge, Mint, Mannadi",Broadway
M33A,Broadway,Moolakadai,,Broadway
42,Broadway,Periyar Nagar,"Central R.S, Periamet, Natarajatheatre, Pulianthope, Pattalam, Kannigapuram, Perambur B.S, Venus, Peravallur",Broadway
42A,Broadway,G.K.M colony,"Central R.S, Periamet, Nataraja theatre, Pulianthope, Pattalam, Kannigapuram, Perambur B.S, Venus, Peravallur",Broadway
M42B,Broadway,Poombuhar,"Central R.S, Periamet, Choolaipostoffice, Doveton, Bhuvaneswari, Pattalam, Otteri, Perambur, Venus, Peravallur,Nehrusilai",Broadway
M42C,Broadway,Teacherscolony,"Central, Periamet, Natarajatheatre, Pulianthope, Pattalam, Kannigapuram, Perambur B.S, Venus, Peravallur, Kolathur, Vinayagapuram",Broadway
M42D,Broadway,Srinivasanagar,,Broadway
44A,Broadway,I.O.C (Indian Oil Corporation),Tondiarpet,Broadway
44C,Broadway,I.O.C,Korukkupet,Broadway
44D,Broadway,I.O.C,Sathiyamoorthy Nagar,Broadway
44L,Broadway,Parvathi Nagar (Kodungaiyur),,Broadway
50,Broadway,Thiruverkadu,"Central, Dasaprakash, KMC, Amijikarai, Arumbakkam, Koyambedu, Nerkundram, Maduravoyal, Vanagaram, Velappan chavadi",Broadway
51J,Broadway,Ponmar,"Central, LIC, DMS, SIET, Saidapet, CheckpostVelachery,Medavakkam,Sith alapakkam koot road,Kovilancherry,Madurapakkam",Broadway
51R,Broadway,Madipakkam BS,"Puzhudivakkam, Guindy Race Course",Broadway
53,Broadway,Poonamallee,"Kumananchavadi, Mathruvayoil, Arumbakkam, Aminijikarai, KMC, Central R.S",Broadway
53E,Broadway,Mangadu,"Kumananchavadi, Mathruvayoil, Arumbakkam, Aminijikarai, KMC, Central R.S",Broadway
54K,Broadway,Nemam,"Poonamallee, Kumananchavadi, SRMC, Porur, Guindy, Saidapet, DMS, TVS, LIC, Central R.S",Broadway
56,Broadway,Kargil Nagar,"V.Nagar, Tondiarpet, Thiruvottriyur, Sathyamoorthy nagar",Broadway
56 xt,Broadway,Ennore,"V.Nagar, Tondiarpet, Thiruvottriyur, Ernavoor, Ashok Leyland",Broadway
56D,Broadway,Manali,"Beach R.S, Thambuchetty St., Kalmandappam, Kasimedu, Tondirapet, Tollgate, Rajakadai, Thiruvotriyur R.S, Mattumandai",Broadway
56N,Broadway,Ennore,,Broadway
58A,Broadway,Red Hills,"V.Nagar, Vyasarpadi, Moolakadai, Mathur",Broadway
58H,Broadway,New Erumai Vettipalayam,"Karanodai, RedHills, V.Nagar, Vyasarpadi, Moolakadai",Broadway
58G,Broadway,Gnayaru,"V.Nagar, Vyasarpadi, Moolakadai",Broadway
60D,Broadway,"Kamarajpuram, Anakaputhur","Pallavaram, Guindy",Broadway
60E,Broadway,Kundrathur,"Andankuppam, Anakaputtur, Pallavaram, Guindy, Anna University, Adyar, Sathyastudio, MRC Nagar, Pattinapakkam, AIR, Kannagi Statue, Annasquare",Broadway
60G,Broadway,Pozhichalur,"Pallavaram, Guindy, Anna University, Adyar, Sathyastudio, MRC Nagar, Pattinapakkam, AIR, Kannagi Statue, Annasquare",Broadway
60H,Broadway,"Shankar Nagar, Pammal","Pammal, Pallavaram, Guindy",Broadway
61D,Broadway,Kadavoor,"Central R.S, Purasaiwakkam, Ayanavaram, Nadhamuni, Padi, Amabattur IE, Avadi, HVF Hospital, Kovilpadagai, Veerapuram",Broadway
61D xt,Broadway,Kilkondaiyar,"Avadi, Kadavoor",Broadway
61E,Broadway,Kilkondaiyar,"Ambattur IE, Avadi, HVF Hospital, Kovilpadagai, Vellanur, Veerapuram, Arakkambakkam",Broadway
M64B,Broadway,Minjur,"Napalayam, Manali New Town, MFL, CPCL, Manali, Madhavaram Milk colony, Moolakadai, Perambur market, Pulianthope, Doveton, Central R.S",Broadway
M64D,Broadway,Kosappur,"Madhavaram Milk colony, Thapal petti, Moolakadai, Vyasarpadi, Pulianthope, Doveton, Central R.S",Broadway
71,Broadway,Ambattur OT,"Central R.S, Taylors Road, New Avadi road, Nadhamuni, Padi, Ambattur IE",Broadway
71D,Broadway,Pudur,"Central R.S, Nadhamuni, Padi, Ambattur IE, Ambattur OT",Broadway
71F,Broadway,Senthil Nagar,"Central R.S, Nadhamuni, Ambattur IE, Ambattur OT",Broadway
71H,Broadway,Avadi Kamaraj Nagar,"Central R.S, New Avadi road, Nadhamuni, Ambattur IE, Ambattur OT, Avadi",Broadway
71V,Broadway,Veppampattu,"Central R.S, Nadhamuni, Ambattur I.E, Ambattur OT, Avadi, Thirunindravur",Broadway
M116,Broadway,Kaviarasu Kannadhasan Nagar,"SIDCO, MKB Nagar, Sathyamoorthy Nagar, Basin Bridge, Mint, Stanley, Beach R.S",Broadway
M116A,Broadway,Muthamil Nagar (Kodungaiyur),"SIDCO, MKB Nagar, Sathyamoorthy Nagar, Basin Bridge, Mint, Stanley, Beach R.S",Broadway
M116L,Broadway,Parvathi Nagar (Kodungaiyur),"Muthamil Nagar, SIDCO, MKB Nagar, Sathyamoorthy Nagar, Basin Bridge, Mint, Stanley, Beach R.S",Broadway
120,Broadway,Avadi,"Central R.S, Purasaiwakkam, Sayani, ICF, Padi, Ambattur OT",Broadway
120C,Broadway,Thirumullaivoy al colony,"Central R.S, Purasaiwakkam, Sayani, ICF, Padi, Ambattur OT",Broadway
142B,Broadway,Peravallur Kumaran Nagar,,Broadway
142P,Broadway,Puthagaram,,Broadway
153,Broadway,Thirumazhisai,"Central R.S, KMC, Madhuravoyal, Poonamallee",Broadway
164C,Broadway,Manali,,Broadway
502,Broadway,Sriperumbudur,"Central R.S, LIC, Saidapet, Guindy, Porur, Kumananchavadi, Poonamallee, Irrungattukottai",Broadway
527,Broadway,Thathamanji,"V.Nagar, Tondiarpet, Thiruvottriyur, Sathyamoorthy nagar, Minjur, Kadapakkam",Broadway
557,Broadway,Gummidipoond i,"Beach R.S, Mint, Vyasarpadi, Moolakadai, Red Hills, Thachur Koot Road, Puduvayal, Kavarapettai",Broadway
587,Broadway,Thirupporur,"Marina,Thiruvamiyur,ECR,Kelambakka m",Broadway
593,Broadway,Thandalam,"Beach R.S,Stanley, Mint,Basin Bridge, Vyasarpadi, Moolakadai, Puzhal, Red Hills, Karanodai, Periyapalayam",Broadway
521,"Broadway, Chennai",Thirupporur,"Marina,Thiruvanmiyur,Perungudi,Sholi nganallur,Kelambakkam",Broadway
10E,Broadway,Ekkaduthangal,"Central R.S, Egmore R.S, Maternity Hospital, DPI, Sterling road, Valluvar Kottam, Panagal park, T.Nagar, Srinivasa Theater, Mettupalayam, Ashok Nagar, Jaffarkhanpet",Broadway
M21T,Broadway,Kannagi Nagar,"Santhome, Adyar, Perungudi",Broadway
35,Broadway,Ayanavaram,"Sayani, Kellys, Purasaiwakkam, Choolai P.O, Central R.S",Broadway
38H,Broadway,Madhavaram,"Thapal Petti, Moolakadai, Sharma nagar, Vyasarpadi, Basin Bridge, Mint, Stanley, Beach R.S",Broadway
51D,Broadway,Tambaram East,"Convent, Camp road, Rajakilpakkam, Kozhipannai, Madambakkam, Jothi Nagar, Noothencherry, Vengaivasal, Santhosapuram, Medavakkam Koot road, Medavakkam, Pallikaranai, Velacherry, Saidapet, DMS, TVS, LIC, Central",Broadway
H51,Broadway,Tambaram East,"Secretariat, Kannaki Statue, QMC, Kalyani Hospital, Luz, Mylapore, Mandaveli BS, AMS, Adyar Depot, SRP tools, Taramani, Velachery, Pallikaranai, Medavakkam, Santhosapuram, Kamarajapuram, Camp road, Convent",Broadway
52,Broadway,Pozhichalur,"Pallavaram, Guindy, Saidapet, DMS, TVS, LIC, Central RS",Broadway
52D,Broadway,Chitlapakkam,"Varadharaja Theater, Chromepet,Pallavaram, Guind y, Saidapet, DMS, TVS, LIC, Central RS",Broadway
53P,Broadway,Pattur,"Mangadu, Kumananchavadi, Mathruvayoil, Arumbakkam, Aminijikarai, KMC, Central R.S",Broadway
54,Broadway,Poonamallee,"Kumananchavadi, Porur, Guindy, DMS, TVS, LIC, Central R.S",Broadway
54G,Broadway,Kuthambakkam,"Vellavedu, Thirumazhisai, Poonamallee, Porur, Guindy, DMS, TVS, LIC, Central R.S",Broadway
60C,Broadway,Anakaputhur,"Pammal, Pallavaram, Guindy, Little Mount, Saidapet, Teynampet, DMS, TVS, Simpson, Central R.S",Broadway
155A,Broadway,Thirumudivakk am,"Thiruneermalai, Nagakeni, Pallavaram, Guindy, Saidape t, DMS, LIC, Central R.S",Broadway
242,Broadway,Red Hills,"Central R.S, Vepery, Doveton, Perambur, Kolathur, Puzhal",Broadway
242xt,Broadway,Padiyanallur,"Perambur, Central R.S",Broadway
553,Broadway,Sriperumbudur,"Central R.S, KMC, Kumananchavadi, Poonamallee, Irrungattukottai",Broadway
571,Broadway,Thiruvallur,"Central R.S, Taylors Road, Nadhamuni, Padi, Ambattur IE, Avadi, Thirunindravur, Vepampattu, Sevapet, Kakallur",Broadway
579,Broadway,Padappai,"Karasangal, Mudichur, Tambaram, Pallavaram, Guindy, Saidapet, LIC",Broadway
588B,Broadway,Mamallapuram,"Marina Beach, Thiruvanmiyur, Injambakkam, Kovalam, Thiruvedanthai, Vadanemili",Broadway
M500,Chengalpat tu,Tambaram,"Singaperumal Koil, Maraimalai nagar IE, Guduvancherry, Vandalur Zoo, Perugalathur",Chengalpet
500,Chengalpat tu,T. Nagar,"Singaperumal Koil, Maraimalai nagar IE, Guduvancherry, Vandalur Zoo, Tambaram, Pallavaram, Guindy,",Chengalpet
500A,Chengalpat tu,Hasthinapuram,"Singaperumal Koil, Maraimalai nagar IE, Guduvancherry, Vandalur Zoo, Tambaram, Tambaram Sanatorium, Nehru nagar(Chromepet), Kumaran Kundram",Chengalpet
500C,Chengalpat tu,CMBT,"Singaperumal Koil, Maraimalai nagar IE, Guduvancherry, Vandalur Zoo, Tambaram, Pallavaram, Guindy, Saidapet",Chengalpet
500J,Chengalpat tu,Velachery,"Pallikkaranai, Medavakkam, Kamarajapuram, Camp Road, Tambaram East, Tambaram West, Vandalur Zoo",Chengalpet
500V,Chengalpat tu,Velachery,"Guindy, Pallvaram, Tambaram West, Vandalur Zoo",Chengalpet
577,Chengalpat tu,Mandaveli,"Singaperumal Koil, Maraimalai Nagar IE, Guduvancherry, Vandalur Zoo, Tambaram, Pallavaram, Guindy, Adyar, AMS",Chengalpet
52D,Chitlapakka m,Broadway,"Varadharaja Theater, Chromepet,Pallavaram, Guind y, Saidapet, DMS, TVS, LIC, Central RS",Chitlapakkam
27B,CMBT,Anna Square,"Koyambedu, Arumbakkam, NSK nagar,Amijikarai, KMC, Chetpet, MMC School, Egmore RS, Chindatripet, Zimson, Triplicane, Kannaki Statue",CMBT
46,CMBT,TVK Nagar,"Perambur, Ayanavaram, ICF, Anna Nagar East, Arumbakkam",CMBT
46B,CMBT,Periyar Nagar,"Perambur, Ayanavaram, ICF, Anna Nagar East, Arumbakkam",CMBT
46C,CMBT,Parvathy Nagar (Kodungaiyur),"Moolakadai, Perambur, Ayanavaram, ICF, Anna Nagar East, Arumbakkam",CMBT
46G,CMBT,MKB Nagar East,"Vyasarpadi, Ayanavaram, ICF, Anna Nagar East, Arumbakkam",CMBT
48C,CMBT,Vallalar Nagar,"Thirumangalam, Anna Nagar West, Nadhamuni, ICF, Railway Quarters, Joint Office, Sayani, Otterri, Basin Bridge",CMBT
PP49,CMBT,Kovalam,"MMDA Colony, Vadapalani, Liberty, T.Nagar, Saidapet, Adyar, Thiruvanmiyur, Kottivakkam, Palavakkam, Injambakkam, Kanathur, Muttukadu",CMBT
L51,CMBT,Ottiambakkam,"Arasan Kazhani, Sithalapakkam, Medavakkam, Pallikaranai, Velacherry, Checkpost, Guindy, Ashok Pillar, Vadapalani, MMDA Colony",CMBT
53K,CMBT,Meppur,"Mathruvayoil, Kumananchavadi, Poonamallee,",CMBT
61B,CMBT,Arakkambakka m,"Thirumangalam, Collector Nagar, Ambattur IE, Avadi, HVF Hospital, Kovilpadagai, Vellanur, Veerapuram",CMBT
70S,CMBT,Kannagi Nagar,"Velachery, SRP Tools",CMBT
M70,CMBT,Thiruvanmiyur,"Vadapalani, Ashok nagar, Guindy, Checkpost, Velacherry, Taramani, SRP tools, Jayanthi",CMBT
M70A,CMBT,Avadi,"Ambattur O.T, Collector Nagar",CMBT
121A,CMBT,Manali,"Madhavaram Milk Colony, Thapal petti, Moolakadai, Retteri, Lucas, Thirumangalam",CMBT
121B,CMBT,Minjur,"Napalayam, MFL, CPCL, Manali, Madhavaram Milk Colony, Thapal petti, Moolakadai, Retteri, Lucas, Thirumangalam",CMBT
121C,CMBT,Ennore,"Ernavoor gate, MFL, CPCL, Manali, Madhavaram Milk Colony, Thapal petti, Moolakadai, Retteri, Lucas, Thirumangalam",CMBT
121D,CMBT,Manali New Town,"MFL, CPCL, Manali, Madhavaram Milk Colony, Thapal petti, Moolakadai, Retteri, Lucas, Thirumangalam",CMBT
121G,CMBT,Kaviarasu Kannadasan Nagar,"Moolakadai, Retteri, Lucas, Thirumangalam",CMBT
159D,CMBT,I.O.C,"Tondiarpet, V.Nagar, Regal, Choolai P.O., Purasawakkam High Road, Kellys, Aminjikarai, Arumbakkam",CMBT
159E,CMBT,Ennore,"Ashok Leyland, Ernavoor Gate, Thiruvottriyur, Therady, Tollgate, Tondiarpet, V.Nagar, Regal, Choolai P.O., Purasawakkam High Road, Kellys, Aminjikarai, Arumbakkam",CMBT
170J,CMBT,Guindy,"West Saidapet , Udhayam, Vadapalani, MMDA Colony",CMBT
170R,CMBT,Andarkuppam,"Thirumangalam, Madhavaram, Kosappur",CMBT
270J,CMBT,Mathur,"Thirumangalam, Madhavaram",CMBT
558L,CMBT,Minjur,"Redhills, Karanodai, Ponneri",CMBT
568C,CMBT,Mamallapuram,Rajiv Gandhi Salai,CMBT
568T,CMBT,Thalambur,"Guindy, SRP Tools, Sholinganallur, Navalur",CMBT
570,CMBT,Kelambakkam,"Vadapalani, Ashok Nagar, Guindy, Check post, Velachery, SRP tools, Perungudi, Sholinganallur, Navalur, Padur",CMBT
570S,CMBT,SiruseriSIPCOT,"Vadapalani, Ashok Nagar, Guindy, Check post, Velachery, SRP tools, Perungudi, Sholinganallur, Navalur",CMBT
596,CMBT,Thiruvallur,"Koyambedu, Nerkundram, Madhuravoyal, Kumanan chavadi, Poonamallee, Thirumazhisai, Vellavedu, Nemam, Pudhuchatiram, Mettukandigai, Arnavoyal kuppam, Arnavoyal, Murkancherry, Manavalan Nagar",CMBT
596A,CMBT,Thiruvallur - Pandur,"Koyambedu, Nerkundram, Madhuravoyal, Kumanan chavadi, Poonamallee, Thirumazhisai, Vellavedu, Nemam, Pudhuchatiram, Mettukandigai, Arnavoyal kuppam, Arnavoyal, Murkancherry, Manavalan Nagar, Thiruvallur",CMBT
15B,CMBT,Broadway,"Amijikarai, KMC, Dasaprakash, Central R.S",CMBT
17A,CMBT,Broadway,"Koyambedu Market, Virugambakkam, Vadapalani, Gemini",CMBT
20J,CMBT,Ayyapakkam,,CMBT
23M,CMBT,Thiruvanmiyur,"Jayanthi, Adyar, Gandhi mandapam, Little mount, Saidapet, T.Nagar, Panagal park, Liberty, Power house, Vadapalani, MMDA Colony",CMBT
23M cut,CMBT,Besant nagar,"Adyar, Gandhi mandapam, Little mount, Saidapet, T.Nagar, Panagal park, Liberty, Power house, Vadapalani, MMDA Colony",CMBT
M27,CMBT,T. Nagar,"Panagal park, Bharathinagar, Liberty, Power house, Vadapalani, Virugambakkam, Chinmaya nagar, Koyambedu Market",CMBT
41F,CMBT,Mandaveli,"Luz, Gemini, Valluvar Kottam, Loyola College, Choolaimedu, Anna Arch",CMBT
51L,CMBT,Tambaram East,"Vadapalani, Guindy, Velachery, Pallikkaranai, Medavakkam, Kamarajapuram, Camp Road",CMBT
53S,CMBT,Pattabiram,"Thiruverkadu, Sundaransozhapuram, Mettupalayam,Thandarai",CMBT
70K,CMBT,Kilkattalai,"Velachery, Guindy, Ashok Pillar, Vadapalani",CMBT
70L,CMBT,Ambattur Karukku,,CMBT
H70,CMBT,Menambedu,Ambattur OT,CMBT
159A,CMBT,Thiruvotriyur,"Tollgate, Tondiarpet, V.Nagar, Regal, Choolai P.O., Purasawakkam High Road, Kellys, Aminjikarai, Arumbakkam",CMBT
159B,CMBT,Tollgate,"Tondiarpet, V.Nagar, Regal, Choolai P.O., Purasawakkam High Road, Kellys, Aminjikarai, Arumbakkam",CMBT
170S,CMBT,MKB Nagar East,"Sarma Nagar, Moolakadai, Retteri, Thirumangalam, DMDK Office",CMBT
J170,CMBT,Guindy,"Ashok pillar, K.K.Nagar BS, MGR nagar, Nesapakkam, West K.K.nagar, Avichi School, Virugambakkam, Chinmaya Nagar, Koyambedu Market",CMBT
500C,CMBT,Chengalpattu,"Singaperumal Koil, Maraimalai nagar IE, Guduvancherry, Vandalur Zoo, Tambaram, Pallavaram, Guindy, Saidapet",CMBT
510,CMBT,Padappai,"Karasangal, Mudichur, Tambaram, Pallavaram, Ashok Pillar",CMBT
514,CMBT,Periyapalayam,"Lucas, Puzhal, Red Hills, Karanodai,Janappan chathram x road, Bandikavanoor,Kannigaipair",CMBT
533,CMBT,Arani,,CMBT
553A,CMBT,Sriperumbudur,"Mathruvayoil, Kumananchavadi, Poonamallee, Irrungattukottai",CMBT
588C,CMBT,Mamallapuram,"Vadapalani, Ashok Nagar, Guindy, Adyar, Thiruvanmiyur, Injambakkam, Kovalam, Thiruvedanthai, Vadanemili",CMBT
21F,Egmore,Kannagi nagar,,Egmore
40A xt,Egmore,Veppampattu,"KMC, Aminijikarai, Chinthamani, Blue Star, Collector Nagar, Ambattur OT, Avadi, Pattabiram, Thirunindravur",Egmore
28,Egmore R.S,Thiruvotriyur,"Tollgate,Tondiarpet,Vallalarnagar,Regal , Central RS, Chindatripet",Egmore Railway Station
28A,Egmore R.S,Manali,"Andankuppam, Thiruvottriyur, Tollgate, Tondiarpet, Vallalarnagar, Regal, Central RS",Egmore Railway Station
28B,Egmore R.S,Ennore,"Ernavoor, Thiruvottriyur, Tollgate, Tondiarpet, Vallalarnagar, Regal, Central RS, Chindatripet",Egmore Railway Station
10E,Ekkadutha ngal,Broadway,"Central R.S, Egmore R.S, Maternity Hospital, DPI, Sterling road, Valluvar Kottam, Panagal park, T.Nagar, Srinivasa Theater, Mettupalayam, Ashok Nagar, Jaffarkhanpet",Ekkaduthangal
88E,Ekkadttuth angal,Kundrathur,"Koovoor, Periyapannicherry, Baikadai, Porur, Guindy",Ekkaduthangal
K18 cut,Ekkadutha ngal,Broadway,"Central R.S, Simpson, LIC, TVS, DMS, Teynampet, Nandanam, Saidapet, Guindy,CIPET",Ekkaduthangal
M21G xt,Ekkadutha ngal,Broadway,"Secretariat, Kannaki Statue, QMC, Kalyani Hospital, Sanskrit College, Luz, Mylapore, Mandaveli BS, Adyar Gate, Kotturpuram, Anna university, Guindy",Ekkaduthangal
154E,Ekkadutha ngal,Vellavedu,"Poonamallee, Kumananchavadi, Porur, Guindy",Ekkaduthangal
M70D,Elango Nagar (Collector Nagar),Guindy,"Thirumangalam, CMBT, Vadapalani, Ashok Pillar",Elango Nagar (Collector Nagar)
27E,Elango nagar officer colony,Anna Square,"Collector nagar, Thirumangalam, Rountana, Amijikarai, KMC, Egmore RS, Zimson, Triplicane, Kannaki Statue",Elango Nagar (Collector Nagar)
1E,Ennore,Tambaram,"Chromepet, Pallavaram, Guindy, Teynampet, D.M.S, L.I.C, Central R.S, Parry's Corner, Kalmandapam, Tollgate, Thiruvottiyur",Ennore
1D,Ennore,Thiruvanmiyur,"Adyar, Mylapore, Royapettah, Parry's Corner, Kalmandapam, Thalankuppam",Ennore
28B,Ennore,Egmore R.S,"Ernavoor, Thiruvottriyur, Tollgate, Tondiarpet, Vallalarnagar, Regal, Central RS, Chindatripet",Ennore
48B,Ennore,Thiru.Vi.Ka Nagar,"Venus, Perambur, Moolakadai, Madhavaram, Mathur Koot road, Manali Koot road, Sathyamoorthy nagar, Ernavoor, Ashok Leyeland",Ennore
56 xt,Ennore,Broadway,"V.Nagar, Tondiarpet, Thiruvottriyur, Ernavoor, Ashok Leyland",Ennore
56A,Ennore,V Nagar,,Ennore
56N,Ennore,Broadway,,Ennore
121C,Ennore,CMBT,"Ernavoor gate, MFL, CPCL, Manali, Madhavaram Milk Colony, Thapal petti, Moolakadai, Retteri, Lucas, Thirumangalam",Ennore
157E,Ennore,Red Hills,"Puzhal, Moolakadai,Sharma Nagar, M.K.B Nagar, Korukkupettai, Tondaripet, Tollgate, Theradi, Thiruvottiyur",Ennore
159E,Ennore,CMBT,"Ashok Leyland, Ernavoor Gate, Thiruvottriyur, Therady, Tollgate, Tondiarpet, V.Nagar, Regal, Choolai P.O., Purasawakkam High Road, Kellys, Aminjikarai, Arumbakkam",Ennore
12B xt,Foreshore Estate,Koyambedu Ma rket,"CMBT, MMDA Colony, Vadapalani, Kodambakkam, Pondy Bazaar, Alwarpet, Luz, Santhome",Foreshore Estate
12B xt,Foreshore Estate,Iyyapanthangal,"Porur, Virugambakkam, Vadapalani, Liberty, Pondy Bazaar, Alwarpet, Luz, Santhome",Foreshore Estate
27D,Foreshore Estate,Villivakkam,"Santhome, AIR, V.M.Street, Stella Maris College, Thousand Lights, LIC, Pudhupet, Maternity Hospital, Egmore RS, Dasaprakash, Purasaiwakkam, Kellys, Ayanavaram, ICF",Foreshore Estate
12A,Foreshore Estate,T. Nagar,"Pondy bazaar,Alwarpet, Luz, Santhome",Foreshore Estate
M12A,Foreshore Estate,T. Nagar,"Pondy bazaar,Alwarpet, Luz, Santhome",Foreshore Estate
32A,Foreshore Estate,Tollgate,"Maharani, Tondiarpet, Vallalar nagar, Broadway, Central R.S., Triplicane, V.House, AIR, Santhome",Foreshore Estate
55B,Guduvanch erry,Pazhanthandala m,"Oorapakkam, Vandalur Zoo, Perugalathur, Tambaram,Kannadapalayam",Guduvancherry
E18,Guduvanch ery,High Court,"LIC, TVS, Saidapet, Guindy, Pallavaram, Tambaram, Vandalur Zoo",Guduvancherry
G18,Guduvanch ery,T.Nagar,"Saidapet, Guindy, Pallavaram, Chromepet, Tambaram, Vandalur Zoo",Guduvancherry
M18,Guduvanch ery,Tambaram,Vandalur Zoo/Arignar Anna Zoological Park,Guduvancherry
M18N,Guduvanch ery,Nanganallur,"Pazhavanthangal, Pallavaram, Chromepet, Tambaram, Vandalur Zoo, Oorapakkam",Guduvancherry
T51S,Guduvanch ery,Okkiam Thoraippakkam,"Vandalur, Tambaram East, Camp Road, Medavakkam, Sholinganallur",Guduvancherry
555G,Guduvanch ery,Kelambakkam,"Urapakkam, Vandalur, Mambakkam",Guduvancherry
21J,Guduvanch ery,Velachery,"Pallikkaranai, Medavakkam, Kamarajapuram, Camp Road, Poondi Bazar, Tambaram Sanatorium, Tambaram West, Vandalur",Guduvancherry
V21,Guduvanch ery,Thiruvanmiyur,"SRP, Taramani, Velachery, Kamatchi Hospital, Chromepet, Tambaram",Guduvancherry
PP21,Guduvanch ery,Broadway,"Secretariat, Chepauk, Q.M.C, Fore Shore Estate, Adyar Bus Stand, Guindy,Pallavaram, Chromepet, Tambaram, Vandalur Zoo",Guduvancherry
M52,Guduvanch ery,Pozhichalur,"Pallavaram,Chromepet,Tambaram, Perungalathur, Vandalor Zoo",Guduvancherry
70V,Guduvanch ery,Koyambedu,"Vadapalani, Pallavaram, Tambaram",Guduvancherry
G70,Guduvanch ery,Vadapalani,"Udhayam Theater, Pallavaram, Tambaram, Vandalur Zoo",Guduvancherry
118P,Guduvanch ery,Puzhuthivakka m,"Aadambakkam, Guindy,Pallavaram, Tambaram, Zoo",Guduvancherry
170K,Guduvanch ery,Ambattur O.T,"V.Z00, Tambaram, Pallavaram, Guindy, Udhayam, Vadapalani, CMBT, Anna Nagar, Padi, Ambattur I.E",Guduvancherry
119G,Guindy,Kelambakkam,"Velachery, Navalur",Guindy
J170,Guindy,CMBT,"Ashok pillar, K.K.Nagar BS, MGR nagar, Nesapakkam, West K.K.nagar, Avichi School, Virugambakkam, Chinmaya Nagar, Koyambedu Market",Guindy
18,Guindy,Broadway,"Central R.S, Zimson, Shanthi Theater, LIC, TVS, Thousand Lights, DMS, Vanavil, SIET, Defence Accounts office, Nandanam, Saidapet",Guindy
18F,Guindy,Broadway,"Central R.S, Simpson, LIC, TVS, DMS, Nandanam, CIT Nagar, Srinivasa, Mettupalayam, Saidapet West",Guindy
M21G,Guindy,Broadway,"Secretariat, Kannaki Statue, QMC, Kalyani Hospital, Sanskrit College, Luz, Mylapore, Mandaveli BS, Adyar Gate, Kotturpuram, Anna university,",Guindy
45B,Guindy,Anna Square,"Saidapet, Nandanam, Teynampet, Alwarpet, Luz, Chennai Citi Centre",Guindy
45G,Guindy,Anna square,"Marina Beach, Chennai Citi Centre, Mylapore, Mandaveli, Adyar G ate, Nandanam, CIT Nagar, Srinivasa, Mettupalayam, Saidapet West",Guindy
M70D,Guindy,Elango Nagar (Collector Nagar),"Thirumangalam, CMBT, Vadapalani, Ashok Pillar",Guindy
M119,Guindy,Semmencheri,"Velachery,SRP,Perungudi",Guindy
M119B,Guindy,Semmencheri,"Saidapet,GandhiMandapam, Adyar,Thi ruvanmiyur",Guindy
B70,Guindy Estate,Pattabiram,"Avadi, Ambattur OT, Padi, CMBT, Vadapalani, Udhayam, CIPET",Guindy Estate
C70,Guindy Estate,Red Hills,"Ashok nagar, Vadapalani, CMBT, Thirumangalam, Anna nagar west, Padi, Thathankuppam, Kolathur, Retteri, Puzhal, Kavangarai, Ayurveda Ashramam",Guindy Estate
C70xt,Guindy Estate,Padiyanallur,"Ashok nagar, Vadapalani, CMBT, Thirumangalam, Anna nagar west, Padi, Thathankuppam, Kolathur, Retteri, Puzhal, Kavangarai, Ayurveda Ashramam, Red Hills",Guindy Estate
170C,Guindy Estate,TVK Nagar,"Kolathur, Retteri, Thirumangalam, CMBT, Vadapalani, Ashok Pillar",Guindy Estate
170C xt,Guindy Estate,Manali,"Madhavaram Milk colony, Thapal petti, Moolakadai, TVK Nagar, Retteri, Thirumangalam, CMBT, Vadapalani",Guindy Estate
F70,Guindy TV K Estate,Pattabiram,"Avadi, Ambattur I.E, Lucas, Anna Nagar West, Koyambedu market, CMBT, Vadapalani, West Saidapet",Guindy Estate
J70,Guindy I.E,Mogappair West,"Collector Nagar, CMBT, Vadapalani, Udhayam Theater",Guindy Estate
M70V,Guindy TVK Estate,Ambattur I.E,"Collector Nagar, Vadapalani",Guindy Estate
170D,Guindy Estate,Kannadasan Nagar,"Moolakadai, Retteri, Thirumangalam, CMBT, Vadapalani,Ashok Pillar, Ekkattuthangal",Guindy Estate
52B,Hasthinapu ram,Highcourt,"Chromepet,Pallavaram, Guindy, Saidap et, DMS, TVS, LIC, Central RS",Hasthinapuram
52C,Hasthinapu ram,T.Nagar,"Chromepet,Pallavaram, Guindy, Saidap et",Hasthinapuram
66A,Hasthinapu ram,Kundrathur,"Anakaputhur, Pammal, Pallavaram, Chromepet",Hasthinapuram
152B,Hasthinapu ram,High Court,"Chromepet, Pallavaram, Guindy, Adayar B.S, Mandaveli, Mylapore, LUZ, QMC, V.House, Secretariat",Hasthinapuram
M18G,Hasthinapu ram,Guduvanchery,"Chromepet, Tambaram, Vandalur Zoo",Hasthinapuram
500A,Hasthinapu ram,Chengalpattu,"Singaperumal Koil, Maraimalai nagar IE, Guduvancherry, Vandalur Zoo, Tambaram, Tambaram Sanatorium, Nehru nagar(Chromepet), Kumaran Kundram",Hasthinapuram
3A,High Court,Mandaveli,"Mylapore, Luz, Alwarpet, Royapetah, L.I.C, Central",High Court
8B,High Court,T.V.K Nagar,"Parrys, V.Nagar, Puliantope, Pattalam, Jamalaya, Venus",High Court
11G,High Court,K K Nagar,"MGR Nagar, Ashok Pillar,Pangal Park, Annasalai, Central R.S, Parry's Corner",High Court
11H,High Court,Iyyapanthangal,"Virugambakkam, K.K.Nagar, Pondy Bazaar, Anna Salai, Marina Beach",High Court
M12,High Court,Kilkattalai,"Gopalapuram, Teynampet, Velachery",High Court
51P,High Court,Puzhudivakkam BS,Gunidy Race Course,High Court
D51,High Court,Medavakkam koot road,"Medavakkam, Pallikkaranai, Velachery, Guindy Race Course, DMS, LIC, Central R.S",High Court
D51 xt,High Court,SithalapakkamT NHB Colony,"Sithalapakkam Koot road, Medavakkam, Pallikkaranai, Velachery, Guindy Race Course, DMS, LIC, Central R.S",High Court
E51,High Court,Ottiambakkam,"Arasan kazhani, Sithalapakkam, Sithalapakkam Koot road, Medavakkam, Pallikkaranai, Velachery,Guindy Race Course, DMS, LIC, Central R.S",High Court
PP51,High Court,Tambaram East,"Selaiyur, Camp Road, Medavakkam, Pallikaranai, Velachery, Anna University, Adyar, Sathyastudio, MRC Nagar, Foreshore Estate, Santhome, AIR, Anna Square",High Court
PP51 cut,High Court,Padhuvancherry,"Camp Road, Medavakkam, Pallikaranai, Velachery, Anna University, Adyar, Sathyastudio, MRC Nagar, Foreshore Estate, Santhome, AIR, Anna Square",High Court
52E,High Court,Nemilicheri,"Chromepet, Pallavaram, Guindy, Saidapet, DMS, TVS, LIC, Central RS",High Court
52G,High Court,Cowl Bazaar,"Pallavaram, Guindy, Saidapet, DMS, TVS, LIC, Central RS",High Court
52K,High Court,Keelkattalai,"Nanganallur, Aasargana, Guindy,Anna Salai",High Court
52L,High Court,Nanganallur,"Aasargana, Guindy,Anna Salai",High Court
54L,High Court,Vellavedu,"Poonamallee, Kumananchavadi, SRMC, Porur, Guindy, Saidapet, DMS, TVS, LIC, Central R.S",High Court
54M,High Court,Mangadu,"Paraniputhur, Baikadai, Moulivakkam, Porur, Guindy, Saidapet, DMS, TVS, LIC, Central R.S",High Court
54T,High Court,Chembarambak kam,"Poonamallee, Kumananchavadi, SRMC, Porur, Guindy, Saidapet, DMS, TVS, LIC, Central R.S",High Court
57F,High Court,Karanodai,"Beach R.S, Stanley, Mint, Basin Bridge, Vyasarpadi, Moolakadai, Puzhal, Red hills",High Court
A57,High Court,Padiyanallur,"Beach R.S, Stanley, Mint, Basin Bridge, Vyasarpadi, Moolakadai, Puzhal, Red hills",High Court
88A,High Court,Nandambakkam,"Sirukalathur, Kundrathur,Koovoor,Peri yapannicherry,Baikadai,Porur, Valasara wakkam, Virugambakkam, Vadapalani, Liberty, Gemini, LIC, Central R.S",High Court
88R,High Court,Amarambedu,"Gunidy, Porur, Kundrathur, Somangalam",High Court
88M,High Court,Somangalam,"Gunidy, Porur, Kundrathur",High Court
118A,HighCourt,Oonamancheri,"LIC, TVS, Saidapet, Guindy, Pallavaram, Tambaram, Vandalur Zoo, Kolapakkam, U.Mandaveli",High Court
151,High Court,Vengaivasal P.H. Centre,"Secretariat, Marina Beach, Santhome, Adyar, Anna university, Velachery, Pallikkaranai, Medavakkam, Kamarajapuram, Rajakeelpakkam, Madambakkam",High Court
254,High Court,Iyyapanthangal,"SRMC, Porur, Ramapuram, Guindy, Saidapet, SIET, DMS, TVS, LIC, Central R.S.",High Court
500B,High Court,S.P.KOIL,"Maraimalai nagar IE, Guduvancherry, Vandalur Zoo, Tambaram, Pallavaram, Guindy, Saidapet, DMS, Central R.S",High Court
A18,High Court,Vandalur Zoo,"LIC, TVS, Saidapet, Guindy, Pallavaram, Chromepet, Tambaram",High Court
E18,High Court,Guduvanchery,"LIC, TVS, Saidapet, Guindy, Pallavaram, Tambaram, Vandalur Zoo",High Court
E18 xt,High Court,Maraimalai nagar,"LIC, TVS, Saidapet, Guindy, Pallavaram, Tambaram, Vandalur Zoo, Guduvanchery",High Court
A51,High Court,Tambaram East,"Camp Road, Kamarajapuram, Medavakkam, Pallikkaranai, Velachery, Guindy Race Course, DMS, LIC, Central R.S",High Court
60A,High Court,Kundrathur Mu rugan Temple,"Kundrathur, Andankuppam, Anakaputhur, Pammal, Pallavaram, Guindy, Little Mount, Saidapet, Teynampet, DMS, TVS, Simpson, Central R.S",High Court
88C,High Court,Kundrathur,"Koovoor, Periyapannicherry, Baikadai, Porur, Guindy, Saidapet, DMS, TVS, Central R.S",High Court
88C,High Court,Thandalam,"Koovoor, Periyapannicherry, Baikadai, Porur, Guindy, Saidapet, DMS, TVS, Central R.S",High Court
152B,High Court,Hasthinapuram,"Chromepet, Pallavaram, Guindy, Adayar B.S, Mandaveli, Mylapore, LUZ, QMC, V.House, Secretariat",High Court
188C,High Court,Kundrathur,"Koovoor, Periyapannicherry, Kolapakkam, Manapakkam, Nandambakkam,Butt road, Kathipara, GuindyI.E, Little Mount, Saidapet, DMS, LIC,Central Railway Station",High Court
52B,Highcourt,Hasthinapuram,"Chromepet,Pallavaram, Guindy, Saidap et, DMS, TVS, LIC, Central RS",High Court
37E xt,Iyyapantha ngal,Kaviarasu Kannadasan Nagar,"M.K.B Nagar, Vysarpadi, V Nagar,Regal,Choolai P.O.,Purasaiwakkam, Egmore,DPI, Sterling Road, Valluvarkottam, Liberty, Vadapalani, Porur, SRMC",Iyyappanthangal
37G,Iyyapantha ngal,V Nagar,"Regal, Choolai P.O., Purasaivakkam,KMC, Chetpet,Ste rling road, Valluvarkottam, Liberty, Vadapalani, Porur, SRMC",Iyyappanthangal
M89T,Iyyapantha ngal,Amarambedu,"Porur, Kundrathur",Iyyappanthangal
11H,Iyyapantha ngal,High Court,"Virugambakkam, K.K.Nagar, Pondy Bazaar, Anna Salai, Marina Beach",Iyyappanthangal
12B xt,Iyyapantha ngal,Foreshore Estate,"Porur, Virugambakkam, Vadapalani, Liberty, Pondy Bazaar, Alwarpet, Luz, Santhome",Iyyappanthangal
17J,Iyyapantha ngal,CMBT,"SRMC, Porur, Valasarawakkam, Alwarthirunagar, Virugambakkam, Chinmaya nagar, Koyambedu Market",Iyyappanthangal
17M,Iyyapantha ngal,Broadway,"Porur, Virugambakkam, Vadapalani, Kodambakkam Power house, Liberty, Periyar Road, Valluvar kottam, Gemini, Thousand lights, TVS, LIC, Simpson, Central",Iyyappanthangal
21E,Iyyapantha ngal,Broadway,"Porur, Guindy, Adayar, Foreshore Estate, Anna Square",Iyyappanthangal
49,Iyyapantha ngal,Thiruvanmiyur,"Guindy, Porur",Iyyappanthangal
65R,Iyyapantha ngal,Ambattur I.E,"Ambattur OT, Avadi Market, Karaiyanchavadi, Kumananchavadi",Iyyappanthangal
254,Iyyapantha ngal,High Court,"SRMC, Porur, Ramapuram, Guindy, Saidapet, SIET, DMS, TVS, LIC, Central R.S.",Iyyappanthangal
166,Iyyappanth angal,Tambaram,"Ramachandra Hospital, Porur, Porur Powerhouse, Gerugumbakkam, Kovur, Moondram kattalai, Kundrathur, Anagaputtur, Pammal, Pallavaram, Chromepet",Iyyappanthangal
170L,Kallikuppa m,Vandalur Zoo,"Tambaram, Pallavaram, Guindy, Vadapalani, CMBT, Anna Nagar, Padi, Ambattur I.E, Ambattur OT, Pudur",Kallikuppam
248A,Kallikuppa,V Nagar,Pudur,Kallikuppam
170D,Kannadasa n Nagar,Guindy Estate,"Moolakadai, Retteri, Thirumangalam, CMBT, Vadapalani,Ashok Pillar, Ekkattuthangal",Kannadasan Nagar
2A xt,Kaviarasu Kannadasa n Nagar,Anna Square,M.K.B Nagar,Kannadasan Nagar
7G,Kaviarasu Kannadasa n Nagar,Broadway,"Moolakadai, Perambur market, Pattalam, Doveton, Periamedu, Central R.S",Kannadasan Nagar
M33xt,Kaviarasu Kannadasa n Nagar,Broadway,"M.K.B Nagar, Vyasarpadi, Basin Bridge, Mint, Mannadi",Kannadasan Nagar
37E xt,Kaviarasu Kannadasa n Nagar,Iyyapanthangal,"M.K.B Nagar, Vysarpadi, V Nagar,Regal,Choolai P.O.,Purasaiwakkam, Egmore,DPI, Sterling Road, Valluvarkottam, Liberty, Vadapalani, Porur, SRMC",Kannadasan Nagar
M116,Kaviarasu Kannadhas an Nagar,Broadway,"SIDCO, MKB Nagar, Sathyamoorthy Nagar, Basin Bridge, Mint, Stanley, Beach R.S",Kannadasan Nagar
121G,Kaviarasu Kannadasa n Nagar,CMBT,"Moolakadai, Retteri, Lucas, Thirumangalam",Kannadasan Nagar
170T,Kaviarasu Kannadasa n Nagar,Vandalur Zoo,"MR Nagar, Moolakadai, Retteri, Thirumangalam, CMBT, Vadapalani, Guindy, Pallavaram, Tambaram",Kannadasan Nagar
M21C,Kannagi Nagar,Central R.S,"Thoraipakkam, Perungudi, Thiruvanmiyur, Adayar, Mandaveli",Kannagi Nagar
M21F,Kannagi Nagar,Egmore,"Mettukuppam, Perugudi, Kandan chavadi, SRP Tools, Thiruvanmiyur, Adyar, AMS, Mandaveli, Mylapore, Ajantha, Royapettah, Wesley School, LIC, Pudhupet, Maternity Hospital",Kannagi Nagar
M21T,Kannagi Nagar,Broadway,"Santhome, Adyar, Perungudi",Kannagi Nagar
5G,Kannagi Nagar,T. Nagar,"Saidapet, Velachery, Taramani, RMZ, Perugudi",Kannagi Nagar
M19B,Kannagi Nagar,T. Nagar,"Saidapet, Adyar, Thiruvanmiyur, Jain College, Perungudi",Kannagi Nagar
21F,Kannagi nagar,Egmore,,Kannagi Nagar
T21,Kannagi Nagar,Broadway,"Thoraipakkam, Adyar, Marina",Kannagi Nagar
70S,Kannagi Nagar,CMBT,"Velachery, SRP Tools",Kannagi Nagar
M151K,Kannagi Nagar,Tambaram East,"CampRoad, Medavakkam, Shozhinganallur, Okkiam",Kannagi Nagar
T51 cut,Kannaki Nagar,Tambaram East,"Camp Road, Medavakkam, Sholinganallur",Kannagi Nagar
188K,Katrambak kam,T.Nagar,"Kundrathur, Koovoor, Periyapannicherry,Baikadai, Moulivakkam, Porur, Manapakkam, Nandambakkam,Butt road, Kathipara, Guindy I.E, Little Mount, Saidapet",Katrambakkam
219,Kelambakk am,Ambattur I.E,"Collector Nagar, Thirumangalam, Anna Arch, Choolaimedu, Mahalingapuram, T.Nagar, Saidapet, Madhya Kailash, Tidel Park, Thoraipakkam, Siruseri",Kelambakkam
221H,Kelambakk am,Central R.S,"LIC,DMS, Saidapet,IIT Chennai, Madhya Kailash, Tidel Park, Thoraipakkam, Sholinganallur, SIRUSERI",Kelambakkam
M5,Kelambakk am,Adyar,"Thiruvanmiyur, Perungudi, Sholinganallur",Kelambakkam
19B,Kelambakk am,Saidapet,"IIT Chennai, Madhya Kailash, Tidel Park, Thoraipakkam, SIRUSERI",Kelambakkam
19P,Kelambakk am,Adyar B.S.,"SRP Tools, Perugudi, Sholinganallur, Navalur, Thalambur, Sirusery, Pudupakkam, Chettinad Hospital",Kelambakkam
B19,Kelambakk am,Shozhinganallur,"Navallur, Siruseri",Kelambakkam
M19A,Kelambakk am,T. Nagar,"Saidapet, Adyar, Thiruvanmiyur, Perungudi",Kelambakkam
21H,Kelambakk am,Broadway,"Secretrariat, Anna Square, AIR, Santhome, Foreshore Estate, MRC Nagar, Adyar, SRP Tools, Perungudi, Sholinganallur, Navalur",Kelambakkam
21H Cut,Kelambakk am,Thiruvanmiyur,"SRP Tools,Perungudi,Sholinganallur,Navalu r,Padur",Kelambakkam
21H xt,Kelambakk am,Thiruvotriyur,"Tollgate, Broadway, Secretrariat, Anna Square, AIR, Santhome, Foreshore Estate, MRC Nagar, Adyar, SRP Tools,Perungudi,Sholinganallur,Navalu",Kelambakkam
M51D,Kelambakk am,Saidapet,"Velachery, Medavakkam, Ottiyambakkam, Karanai, Thalambur, Pudhupakkam, Chettinad Hospital",Kelambakkam
119G,Kelambakk am,Guindy,"Velachery, Navalur",Kelambakkam
515V,Kelambakk am,Vandalur,Mambakkam,Kelambakkam
551A,Kelambakk am,Tambaram East,"CampRoad, Medavakkam, Ponmar, Mambakkam, Pudupakkam, Chettinad Hospital",Kelambakkam
555G,Kelambakk am,Guduvanchery,"Urapakkam, Vandalur, Mambakkam",Kelambakkam
555P,Kelambakk am,Padappai,"Karasangal, Vandalur, Mambakkam",Kelambakkam
570,Kelambakk am,CMBT,"Vadapalani, Ashok Nagar, Guindy, Check post, Velachery, SRP tools, Perungudi, Sholinganallur, Navalur, Padur",Kelambakkam
570A,Kelambakk am,Ambattur Estate,"CMBT, Vadapalani, Ashok Nagar, Guindy, Check post, Velachery, SRP tools, Perungudi,Sholinganallur, Navalur, Padur",Kelambakkam
572K,Kilanur,Ambattur I.E,"Avadi, Pattabiram, Thirunindravur, Veppampattu, Sevapet",Kilanur
M18C,Kilkattalai,T.Nagar,"Madipakkam Koot Road, Nanganallur, Guindy, Saidapet",Kilkattalai
66K,Kilkattalai,Poonamallee,"Inchangadu, Pallavaram, Pammal, Anakaputhur, Kundrathur, Mangadu, Kumananchavadi, Karaiyanchavadi",Kilkattalai
70K,Kilkattalai,CMBT,"Velachery, Guindy, Ashok Pillar, Vadapalani",Kilkattalai
170N,Kilkattalai,Perambur,"Nanganallur, Guindy, Udhayam, Vadapalani, CMBT, Thirumangalam, Retteri, Venus",Kilkattalai
552K,Kilkattalai,Thirupporur,"Medavakkam, Sholinganallur, Kelamba kkam",Kilkattalai
52K,Keelkattalai,High Court,"Nanganallur, Aasargana, Guindy,Anna Salai",Kilkattalai
79K,Keelkattalai,Oragadam,"Padappai, Mudichur, West Tambaram, East Tambaram, Camp Road, Kamarajapuram, Medavakkam Koot Road, Kovilambakkam",Kilkattalai
M1,Kilkattalai,Thiruvanmiyur,"SRP Tools, Velachery, Kaiveli, Ram Nagar, Madipakkam",Kilkattalai
M12,Kilkattalai,High Court,"Gopalapuram, Teynampet, Velachery",Kilkattalai
18D,Kilkattalai,Broadway,"LIC, TVS, Saidapet, Guindy, St. Thomas Mount",Kilkattalai
21L xt,Kilkattalai,Broadway,"Marina Beach, Foreshore Estate, MRC Nagar, Adyar, Anna University, Velachery",Kilkattalai
M45,Kilkattalai,T. Nagar,"Saidapet, Velachery",Kilkattalai
M45E,Kilkattalai,Anna Square,"Triplicane, Chennai Citi Centre, Luz, Saidapet, Velachery",Kilkattalai
23C xt,Korattur,Thiruvanmiyur,"Lucas, Nathamuni, ICF, Ayanavaram, Purasaiwakkam, Egmore, LIC, TVS, Saidapet, Adyar",Korattur
7B,Korattur,Broadway,"Central R.S, Periamet, Vepery, Doveton, Pattalam, Otteri, Ayanavaram, Joint Office, ICF, Villivakkam, Nathamuni",Korattur
47D cut,Korattur,T.Nagar,"Adyar, T. Nagar, Sterling Road, Lucas",Korattur
65T,Korattur,Poonamallee,"Pattravakkam, Ambattur OT, Avadi Market, Karaiyanchavadi",Korattur
B21xt,Korukkupet,Medavakkam Koot Road,"V.Nagar, Parrys, Secretrariat, Anna Square, AIR, Santhome, Foreshore Estate, MRC Nagar, Adyar, SRP Tools, Velacherry, Madipakkam Koot road, Kilkatalai, Kovilambakkam, Vellakal",Korukkupet
B18,Korukkupet,Vandalur Zoo,"Broadway, LIC, TVS, Saidapet, Guindy, Pallavaram, Tambaram",Korukkupet
32B,Korukkupet,V. House,"Vallalar nagar, Broadway, Central R.S., Simpson",Korukkupet
47C,Kotturpura m,Ambattur I.E,"Saidpet, T. Nagar, Mahalingapuram, Choolaimedu, Roundtana,",Kotturpuram
70V,Koyambed u,Guduvanchery,"Vadapalani, Pallavaram, Tambaram",Koyambedu
L18,Koyambed uMarket,Mudichur,"Vadapalani, Ashok pillar, Guindy, Pallavaram, Tambaram, Old Perugalathur",Koyambedu Market
62D,Koyambed u Market,Puzhal,,Koyambedu Market
62E,Koyambed u Market,Madanakuppam,,Koyambedu Market
70C,Koyambed u Market,Tambaram,"Vadapalani, Udhayam, Pallavaram, Tambaram",Koyambedu Market
70C xt,Koyambed u Market,Mambakkam,"CMBT, Vadapalani, Ashok nagar, Guindy, Pallavaram, Tambaram, Tambaram East, Camp road, Rajakilpakkam, Kozhipannai, Madambakkam, Jothi nagar, Sithalapakkam Housing board, Kovilancherry, Madurapakkam, Ponmar, Mambakkam Kulam",Koyambedu Market
114E,Koyambed u market,New Erumai Vettipalayam,"Red Hills, Puzhal, Nethaji Circle(byepass), Retteri",Koyambedu Market
114P,Koyambed u Market,Padiyanallur,"Puzhal, Nethaji circle, Retteri, Lucas, Thriumangalam",Koyambedu Market
12B xt,Koyambed u Market,Foreshore Estate,"CMBT, MMDA Colony, Vadapalani, Kodambakkam, Pondy Bazaar, Alwarpet, Luz, Santhome",Koyambedu Market
15F cut,Koyambed u Market,Broadway,"CMBT, Amijikarai, KMC, Dasaprakash, Central R.S",Koyambedu Market
114 cut,Koyambed u Market,Red Hills,"Puzhal, Nethaji Circle(byepass), Retteri, Thirumangalam",Koyambedu Market
159C,Koyambed u Market,Thiruvottiyur,"Tollgate, Tondiarpet, V.Nagar, Regal, Choolai P.O., Purasawakkam High Road, Kellys, Aminjikarai, Arumbakkam",Koyambedu Market
88C,Kundrathur,High Court,"Koovoor, Periyapannicherry, Baikadai, Porur, Guindy, Saidapet, DMS, TVS, Central R.S",Kundrathur
88C cut,Kundrathur,T.Nagar,"Sirukalathur, Kundrathur B.S, Koovoor, Periyapannicherry, Baikadai, Porur, Guindy, Saidapet, DMS, TVS, Central R.S",Kundrathur
88D,Kundrathur,Saidapet West,"Koovoor, Periyapannicherry, Baikadai, Porur, Guindy, Saidapet, Srinivasa Theater",Kundrathur
88E,Kundrathur,Ekkadttuthangal,"Koovoor, Periyapannicherry, Baikadai, Porur, Guindy",Kundrathur
M88,Kundrathur,Vadapalani,Porur,Kundrathur
188C,Kundrathur,High Court,"Koovoor, Periyapannicherry, Kolapakkam, Manapakkam, Nandambakkam,Butt road, Kathipara, GuindyI.E, Little Mount, Saidapet, DMS, LIC,Central Railway Station",Kundrathur
566,Kundrathur,Thirupporur,"Anakaputhur, Pammal, Pallavaram, Chromepet, Tambaram Sanatorium, Tambaram, Vandalur, Kandigai, Mambakkam, Pudhupakkam, Chettinad Hospital, Kelambakkam",Kundrathur
60E,Kundrathur,Broadway,"Andankuppam, Anakaputtur, Pallavaram, Guindy, Anna University, Adyar, Sathyastudio, MRC Nagar, Pattinapakkam, AIR, Kannagi Statue, Annasquare",Kundrathur
66A,Kundrathur,Hasthinapuram,"Anakaputhur, Pammal, Pallavaram, Chromepet",Kundrathur
578,Kundrathur,Sriperumbudur,"Mangadu, Kumananchavadi, Poonamallee, Chembarambakkam, Irrungattukottai",Kundrathur
60A,Kundrathur Murugan Temple,High Court,"Kundrathur, Andankuppam, Anakaputhur, Pammal, Pallavaram, Guindy, Little Mount, Saidapet, Teynampet, DMS, TVS, Simpson, Central R.S",Kundrathur Murugan Temple
T553,Kunnam,Thiruverkadu,"Kumananchavadi, Poonamallee, Irrungattukottai, Sriperumbudur, Sung uvarchatiram",Kunnam
54G,Kuthambak kam,Broadway,"Vellavedu, Thirumazhisai, Poonamallee, Porur, Guindy, DMS, TVS, LIC, Central R.S",Kuthambakkam
11A xt,M.K.B Nagar East,T.Nagar,"Annasalai, Central R.S, Parry's Corner, Stanley Hospital, Vallalar nagar, Vysarpadi",MKB Nagar
37E,M.K.B Nagar,Vadapalani,"Vysarpadi, V Nagar,Regal,Choolai P.O.,Purasaiwakkam, Egmore,DPI, Sterling Road, Valluvarkottam, Liberty",MKB Nagar
170S,MKB Nagar East,CMBT,"Sarma Nagar, Moolakadai, Retteri, Thirumangalam, DMDK Office",MKB Nagar
2A,M.K.B Nagar,Anna Square,"Vyasarpadi, Basin Bridge, Regal, Elephant gate, Central R.S, P R & sons, Walaja Road, Bells Road",MKB Nagar
33,M.K.B Nagar,Broadway,"Vyasarpadi, Basin Bridge, Mint, Mannadi",MKB Nagar
29J,Madhavara m,Mandaveli,"Moolakadai, Perambur, Jamaliya, Otteri, KMC, Chetpet, Sterling Road/College Road, Gemini, Mylapore",Madhavaram
38H,Madhavara m,Broadway,"Thapal Petti, Moolakadai, Sharma nagar, Vyasarpadi, Basin Bridge, Mint, Stanley, Beach R.S",Madhavaram
38J,Madhavara m,T.Nagar,"Thapal Petti, Moolakadai, Sharma nagar, Vyasarpadi, Basin Bridge, Mint, Stanley, Beach R.S, Broadway, Central, LIC, TVS, DMS, Panagal Park",Madhavaram
48A,Madhavara m,Ambattur I.E,"Moolakadai, Perambur, Ayanavaram, ICF, Villivakkam, Padi",Madhavaram
162,Madhavara m,Poonamallee,"Koyambedu Junction, Mathuravoyal, Kumananchavadi, Karaiyanchavadi",Madhavaram
170A,Madhavara m,Vandalur Zoo,"Thapal petti, Moolakadai, Retteri, Thirumangalam, CMBT, Vadapalani, Guindy, Pallavaram, Tambaram",Madhavaram
56T,Madhavara m,Tiruvottiyur,MFL,Madhavaram
56W,Madhavara m,V Nagar,"Tondiarpet, Thiruvottriyur, MFL",Madhavaram
147,Madhavara m,T.Nagar,"Moolakadai, Retteri, Thirumangalam, Rountana, Loyola College, Mahalingapuram, Panagal park",Madhavaram
588,Mamallapu ram,Adyar,"Thiruvanmiyur, Injambakkam, Kovalam, Thiruvedanthai, Vadanemili",Mamallapuram
588B,Mamallapu ram,Broadway,"Marina Beach, Thiruvanmiyur, Injambakkam, Kovalam, Thiruvedanthai, Vadanemili",Mamallapuram
588C,Mamallapu ram,CMBT,"Vadapalani, Ashok Nagar, Guindy, Adyar, Thiruvanmiyur, Injambakkam, Kovalam, Thiruvedanthai, Vadanemili",Mamallapuram
589,Mamallapu ram,Velachery,"Thiruvanmiyur, Injambakkam, Kovalam, Thiruvedanthai, Vadanemili",Mamallapuram
515,Mamallapu ram,Tambaram,"Vandalur Zoo, Kolapakkam, Vengambakkam, Rathinamangalam, Kandigai, Melkottaiyur, Kilkottaiyur, Mambakkam, Pudhupakkam, Kelambakkam, Kalavakkam, Thirupporur, Thandalam, Paiyanoor",Mamallapuram
568,Mamallapu ram,Adyar,Rajiv Gandhi Salai,Mamallapuram
568C,Mamallapu ram,CMBT,Rajiv Gandhi Salai,Mamallapuram
599,Mamallapu ram,T. Nagar,"Saidapet, Adyar, Thiruvanmiyur, Injambakkam, Kovalam, Thiruvedanthai, Vadanemili",Mamallapuram
44B,Manali New Town,Triplicane,,Manali Pudhu Nagar
41D,Mandaveli,Avadi,"Ambattur OT, Korattur, Lucas,Thirumangalam, Amijikarai, KMC, Chetpet,Sterling road, Gemini,Teynampet,Nandanam, Adyar Gate",Mandaveli
41D Cut,Mandaveli,Senthil Nagar,"Thirumullaivoyal, Ambattur OT, Korattur, Amijikarai,KMC, Chetpet, Sterling road, Gemini,Teynampet, Nandanam",Mandaveli
41F,Mandaveli,CMBT,"Luz, Gemini, Valluvar Kottam, Loyola College, Choolaimedu, Anna Arch",Mandaveli
577,Mandaveli,Chengalpattu,"Singaperumal Koil, Maraimalai Nagar IE, Guduvancherry, Vandalur Zoo, Tambaram, Pallavaram, Guindy, Adyar, AMS",Mandaveli
3A,Mandaveli,High Court,"Mylapore, Luz, Alwarpet, Royapetah, L.I.C, Central",Mandaveli
21,Mandaveli,Broadway,"Mylapore, Luz, Ajanta, Express Avenue, L.I.C, Simpson, Central",Mandaveli
29,Mandaveli,Vinayagapuram,"Kolahur, Agaram, Venus, Ptaaalam, Doveton, Egmore, L.I.C, Royapettah, Luz, Mylapore",Mandaveli
29J,Mandaveli,Madhavaram,"Moolakadai, Perambur, Jamaliya, Otteri, KMC, Chetpet, Sterling Road/College Road, Gemini, Mylapore",Mandaveli
54F,Mandaveli,Poonamallee,"Kumananchavadi, Iyyapanthangal, Porur, Guindy, Adayar",Mandaveli
E18 xt,Maraimalai nagar,High Court,"LIC, TVS, Saidapet, Guindy, Pallavaram, Tambaram, Vandalur Zoo, Guduvanchery",Maraimalai Nagar
G18 xt,Maraimalai nagar,T.Nagar,"Saidapet, Guindy, Pallavaram, Chromepet, Tambaram, Vandalur Zoo, Guduvanchery",Maraimalai Nagar
552,Maraimalai Nagar,Velachery,Guindy,Maraimalai Nagar
118,Maraimalai Nagar I.E,Tambaram,"Irumbuliyur, Perugalathur, Vandalur Gate, Vandalur Zoo,Oorapakkam School, Oorapakkam Tea shop,Guduvanchery, SRM University",Maraimalai Nagar
29C xt,Mathur MMDA,Thiruvanmiyur,"Madhavaram Milk colony, Thapal petti, Moolakadai, Perambur",Mathur MMDA
29D,Mathur MMDA,V House,"Madhavaram Milk colony, Thapal petti, Moolakadai, Perambur, Otteri, Devoton, Egmore, Pudhupet, Walaja Road",Mathur MMDA
38A,Mathur MMDA,Broadway,,Mathur MMDA
162A,Mathur MMDA,Avadi,Puzhal,Mathur MMDA
270J,Mathur,CMBT,"Thirumangalam, Madhavaram",Mathur MMDA
147T,Mathur MMDA,T.Nagar,"Madhavaram, Moolakadai, Retteri, Thirumangalam, Rountana, Loyola College, Mahalingapuram, Panagal park",Mathur MMDA
H70,Menambed u,CMBT,Ambattur OT,Menambedu
L70,Menambed u,Tambaram,"Korattur, CMBT, Vadapalani, Udhayam Theater",Menambedu
40,Meenambe du,Anna Square,"Triplicane, Pudhupet, Egmore, Dasaprakash, Taylors road, ICF, Nathamuni, Lucas, Ambathur IE, Ambathur OT, Venkatapuram",Menambedu
64P,Minjur,Perambur,"Napalayam, Manali new town, MFL, CPCL, Manali, Madhavaram Milk colony, Moolakadai",Minjur
56P,Minjur Ne w Bus Stand,Broadway,"V. Nagar, TONDAIAYRPET, THIRUVETRIYUR B.S, SATHIYAMOORTHY NAGAR, NAPALAYAM, Minjur B.D.O",Minjur
M64B,Minjur,Broadway,"Napalayam, Manali New Town, MFL, CPCL, Manali, Madhavaram Milk colony, Moolakadai, Perambur market, Pulianthope, Doveton, Central R.S",Minjur
558A,Minjur,RedHills,Karanodai,Minjur
558L,Minjur,CMBT,"Redhills, Karanodai, Ponneri",Minjur
558M,Minjur N.T.,Red Hills,,Minjur
70W,Mugappair West,Velachery,"Wavin, Collector Nagar, CMBT, Vadapalani, Ashok Pillar, Guindy",Mogappair West
J70,Mogappair West,Guindy I.E,"Collector Nagar, CMBT, Vadapalani, Udhayam Theater",Mogappair West
558B,Moolakadai,Pazhaverkadu,"Madhavaram, Redhills, Karanodai, Ponneri, Kanchivoyal, Thirupalaivanam, Perliyambakkam, Pulicut",Moolakkadai
5K,Mylapore,Taramani,,Mylapore
M15,Mylapore,Medavakkam,"Adyar, Thiruvanmiyur, SRP Tools, Velachery, Pallikaranai",Mylapore
M15 xt,Mylapore,Tambaram East,"Adyar, Thiruvanmiyur, SRP Tools, Velachery, Pallikaranai, Medavakkam, Camp Road",Mylapore
5B,Mylapore,T. Nagar,"Saidapet, Anna University, Adyar, Sathyastudio, Mandaveli",Mylapore
12C,Mylapore,Saligramam,"Vadapalani, Rangarajapuram, Panagal Park, S.I.E.T, Adyar Gate, Mandaveli",Mylapore
M14,N.G.O Colony B.S,Medavakkam Junction,"Adambakkam, Vanuvampet, Ullagaram, Puzhithivakkam, Madipakkam Koot rd, Ganesh Nagar, Kilkattalai, Kovilambakkam, Vadakkupet, Vellaikal, Bell Nagar, Medavakkam",NGO Colony
52S,Nemilicheri,Pozhichalur,"Chromepet, Pallavaram",Nemilicherry
52E,Nemilicheri,High Court,"Chromepet, Pallavaram, Guindy, Saidapet, DMS, TVS, LIC, Central RS",Nemilicherry
52F,Nemilicheri,T.Nagar,"Chromepet, Pallavaram, Guindy, Saidapet",Nemilicherry
T51S,Okkiam Thoraippak kam,Guduvanchery,"Vandalur, Tambaram East, Camp Road, Medavakkam, Sholinganallur",Okkiyam Thoraippakkam
19C,Okkiam Thorapakka m,T. Nagar,"Saidapet, Madhya Kailash, Tidel park, SRP Tools, Perugudi",Okkiyam Thoraippakkam
129,Okkium Thoraipakk am,Perambur,"Perungudi, Tidel Park, Saidapet, Gemini, LIC, KMC, SHIVASHANMUGAPURAM",Okkiyam Thoraippakkam
79K,Oragadam,Keelkattalai,"Padappai, Mudichur, West Tambaram, East Tambaram, Camp Road, Kamarajapuram, Medavakkam Koot Road, Kovilambakkam",Oragadam
20C,Oragadam,Broadway,"Purasaiwakkam, Villivakkam, Nadhamuni, Padi, Ambattur I.E, Dunlop, Ambattur OT",Oragadam
27R,Oragadam,Anna Square,"Triplicane, LIC, DPI, Sterling Road, Choolaimedu, Anna Arch, Thirumangalam, Vavin, Ambattur I.E,Ambattur OT",Oragadam
27T,Oragadam,T.Nagar,"Ambattur OT, Ambattur I.E, Collector Nagar, CMBT, Vadapalani, Liberty, Bharathi nagar, Panagal park",Oragadam
248xt,Oragadam,V Nagar,"Ambattur, Ambattur IE, Padi, Lucas TVS, ICF, Joint Office, Otteri, Basin Bridge",Oragadam
M79,Padappai,T.Nagar,"Samthuvapuram, Karasangal, Mannivakkam, Mudichur, Old Perugalathur, Tambaram, Chromepet, Pallavaram, Meenambakkam, Asharkana, Guindy, Little mount, Saidapet",Padappai
80,Padappai,Tambaram,Manimangalam,Padappai
510,Padappai,CMBT,"Karasangal, Mudichur, Tambaram, Pallavaram, Ashok Pillar",Padappai
555P,Padappai,Kelambakkam,"Karasangal, Vandalur, Mambakkam",Padappai
579,Padappai,Broadway,"Karasangal, Mudichur, Tambaram, Pallavaram, Guindy, Saidapet, LIC",Padappai
579V,Padappai,Velachery,"Mudichur, Tambaram, Chromepet, Eachangadu, Kilkattalai, Madipakkam, Ram Nagar",Padappai
114T,Padiyanallu r,T.Nagar,"Panagal park, Liberty, Power house, Vadapalani Koil, Vadapalani, CMBT, Thirumangalam, Anna nagar west, Kolathur, Retteri, Puzhal, Kavangarai, Ayurveda Ashramam, Red Hills",Padiyanallur
242xt,Padiyanallu r,Broadway,"Perambur, Central R.S",Padiyanallur
T242,Padiyanallu r,Thiruvanmiyur,"Puzhal, Retteri, Kolathur, Perambur, Doveton, Vepery, Central R.S, Broadway, Marina, Santhome,Adyar",Padiyanallur
A57,Padiyanallu r,High Court,"Beach R.S, Stanley, Mint, Basin Bridge, Vyasarpadi, Moolakadai, Puzhal, Red hills",Padiyanallur
62xt,Padiyanallu r,Poonamallee,"Karayan chavadi, Seeneerkuppam, Goverdhangiri, Avadi Market, Avadi, Thirumullaivoyal, Ambathur OT, Pudur, Kallikuppam, Puzhal, Bypass road, Kavangarai, Ayurveda Ashramam, Red Hills",Padiyanallur
C70xt,Padiyanallu r,Guindy Estate,"Ashok nagar, Vadapalani, CMBT, Thirumangalam, Anna nagar west, Padi, Thathankuppam, Kolathur, Retteri, Puzhal, Kavangarai, Ayurveda Ashramam, Red Hills",Padiyanallur
114P,Padiyanallu r,Koyambedu Market,"Puzhal, Nethaji circle, Retteri, Lucas, Thriumangalam",Padiyanallur
52T,Pallavaram,Thirumalai Nagar,"Chromepet, Hasthinapuram",Pallavaram
55A,Pallavaram,Pazhanthandala m,"Nagalkeni, Thiruneermalai, Thirumudivakkam",Pallavaram
517,Pallavaram,Vadanemili,"Chromepet, Tambaram Sanatorium, Tambaram, Vandalur, Kandigai, Mambakkam, Pudhupakkam, Chettinad Hospital, Kelambakkam, Kovalam, Thiruvidanthai",Pallavaram
517K,Pallavaram,Kovalam,"Eachangadu, Kovilambakkam, Medavakkam Koot Road, Sholinganallur, Kelambakkam",Pallavaram
517T,Pallavaram,Thirupporur,"Eachangadu, Kovilambakkam, Medavakkam Koot Road, Sholinganallur, Kelambakkam",Pallavaram
583E,Pallavaram,Vallakkottai,"Tambaram, Mudichur, Padappai, Serapanancherri, Oragadam, Maathur",Pallavaram
R21,Pallavaram,Broadway,"Eachangadu, Kilkattalai, Velachery, SRP, Adayar, Foreshore Estate, Anna Square",Pallavaram
A70,Pallavaram,Avadi,"Ambattur, Padi, Thirumangalam, CMBT, Vadapalani, Ashok Pillar, Kathipara, Chennai Airport",Pallavaram
53S,Pattabiram,CMBT,"Thiruverkadu, Sundaransozhapuram, Mettupalayam,Thandarai",Pattabhiram
66P,Pattabiram,Tambaram,"Pallavaram, Kundrathur, Poonamallee,Parivakkam, Chittukadu,Thandarai",Pattabhiram
F70,Pattabiram,Guindy TVK Estate,"Avadi, Ambattur I.E, Lucas, Anna Nagar West, Koyambedu market, CMBT, Vadapalani, West Saidapet",Pattabhiram
121E,Pattabiram,M.K.B Nagar,"Vyasarpadi, Moolakadai, TVK Nagar, Retteri, Lucas, Ambattur, Avadi",Pattabhiram
M153,Pattabiram,CMBT,"Thandarai,Chittukadu,Thirumazhisai, P oonamallee,Kumananchavadi, Madura voyal",Pattabhiram
170P,Pattabiram,Tambaram,"Avadi, Ambattur OT, Golden Flats, Thirumangalam, CMBT, Vadapalani, Pallavaram, Chromepet",Pattabhiram
536,Pattabiram,Ponneri,"Avadi, Ambattur O.T., Pudhur, Puzhal, Red Hills",Pattabhiram
565,Pattabiram,Sriperumbudur,"Avadi, Govardhanagiri, Karaiyanchavadi, Poonamallee, Irrunkatturkottai",Pattabhiram
27H xt,Pattabiram,Anna Square,"Triplicane, LIC, DPI, Sterling Road, Anna Arch, Thirumangalam, Padi, Ambattur OT, Avadi",Pattabhiram
34xt,Pattabiram,Thiruvottiyur,"Ambattur I.E, Thirumangalam, Rountana, Chinthamani, Kellys, Purasaiwakkam, Choolai P.O., Regal, V.Nagar, Tondiarpet, Tollgate, Therady",Pattabhiram
54C,Pattabiram,Poonamallee,"Parivakkam, Chittukadu,Thandarai",Pattabhiram
65P,Pattabiram,Ambattur I.E,"Ambattur OT, Avadi Market, Poonamallee, Thandurai",Pattabhiram
B70,Pattabiram,Guindy Estate,"Avadi, Ambattur OT, Padi, CMBT, Vadapalani, Udhayam, CIPET",Pattabhiram
566B,Pattur,Kovalam,"Kundrathur, Anakaputhur, Pammal, Pallavaram, Chromepet, Tambaram Sanatorium, Tambaram, Perugalathur, Vandalur, Kandigai, Mambakkam, Pudhupakkam, Chettinad Hospital, Kelambakkam",Pattur
17P,Pattur,Vadapalani,"Mangadu, Porur, Virugambakkam",Pattur
154,Pattur,T. Nagar,"Mangadu, Iyyapanthangal, Porur, Ramapuram, St.Thomas Mount, Guindy, Saidapet",Pattur
595,Pazhaverka du,Tollgate,"Thiruvottriyur, Sathyamoorthy nagar, Minjur, Kadapakkam, Thathanmanji, Perliyambakkam, Pulicut",Pazhaverkadu
595A,Pazhaverka du,Thiruvottiyur,"Sathyamoorthy nagar, Minjur, Kadapakkam, Thathanmanji, Perliyambakkam, Pulicut",Pazhaverkadu
558B,Pazhaverka du,Moolakadai,"Madhavaram, Redhills, Karanodai, Ponneri, Kanchivoyal, Thirupalaivanam, Perliyambakkam, Pulicut",Pazhaverkadu
591,Perambakk am,T.Nagar,"Guindy, Porur, Poonamallee, Thandalam, Mannur, Kattukoot rd, Mappedu, Koovam",Perambakkam
591B,Perambakk am,Vadapalani,"Virugambakkam, Porur, Poonamallee, Thandalam, Mannur, Kattukoot rd, Mappedu",Perambakkam
583B,Perambakk am,Tambaram,"Old Perungalathur, Manimangalam, Sriperumbudur, Kattu Koot road, Meppedu, Koovam",Perambakkam
29A,Perambur,Anna Square,"Otteri, Devoton, Egmore, Pudhupet, Walaja Road, Bells Road, Triplicane",Perambur
29B,Perambur,Saidapet,"Otteri, Doveton, KMC, Chetpet, Sterling Road/College Road, Gemini, DMS, T.Nagar",Perambur
29C,Perambur,Besant Nagar/Thiruva nmiyur,"Jamaliya, Otteri, KMC, Chetpet, Sterling Road/College Road, Gemini, Mylapore, Mandaveli, Adyar",Perambur
29E,Perambur,Thiruverkadu,"Otteri, Purasawakkam High Road, Kellys, Aminjikarai, Koyambedu, Nerkundram, Maduravoyal, Velappanchavadi",Perambur
129,Perambur,Okkium Thoraipakkam,"Perungudi, Tidel Park, Saidapet, Gemini, LIC, KMC, SHIVASHANMUGAPURAM",Perambur
129C,Perambur,Nanganallur,"T.Nagar,Sterling Road,Chetpet,Otteri",Perambur
142,Perambur,Vinayagapuram,,Perambur
29N,Perambur,Velachery,"Saidapet, T. Nagar, DMS, Gemini, Sterling Road/College Road, KMC",Perambur
64P,Perambur,Minjur,"Napalayam, Manali new town, MFL, CPCL, Manali, Madhavaram Milk",Perambur
164,Perambur,Mathur MMDA,"Madhavaram Milk colony, Thapal petti, Moolakadai",Perambur
170N,Perambur,Kilkattalai,"Nanganallur, Guindy, Udhayam, Vadapalani, CMBT, Thirumangalam, Retteri, Venus",Perambur
514,Periyapalay am,CMBT,"Lucas, Puzhal, Red Hills, Karanodai,Janappan chathram x road, Bandikavanoor,Kannigaipair",Periyapalayam
505A,Periyapalay am,Thiruvallur,"Vadamadurai, Vengal, Tamaraipakkam, Vishnuvakkam, Moolakarai, Ekkadu Kandigai",Periyapalayam
505P,Periyapalay am,Red Hills,"Alamadhi, Tamaraipakkam, Vengal, Vadamadurai",Periyapalayam
532,Periyapalay am,Vallalar Nagar,"Basin Bridge, Vyasarpadi, Moolakadai, Puzhal, Red Hills, Karanodai, Arani",Periyapalayam
547,Periyapalay am,V Nagar,"Basin Bridge, Vyasarpadi, Moolakadai, Puzhal, Red Hills, Karanodai, Siruvapuri",Periyapalayam
547A,Periyapalay am,V Nagar,"Basin Bridge, Vyasarpadi, Moolakadai, Puzhal, Red Hills, Karanodai, Akarambakkam, Arani, Kosavampettai",Periyapalayam
563,Periyapalay am,Ambattur I.E,"Ambattur OT, Avadi, Pattabiram",Periyapalayam
580P,Periyapalay am,Poonamallee,"Thirumazhisai, Vellavedu, Pudhuchatiram, Periyakottambedu, Kosavapalayam, Thiruninravur, Pakkam, Tamaraipakkam, Vadamadurai",Periyapalayam
592G,Periyapalay am,V Nagar,"Basin Bridge, Vyasarpadi, Moolakadai, Puzhal, Red Hills, Karanodai,Pandy Kavanoor Rd JN, Kannigaipair",Periyapalayam
29L,Periyar Nagar,Thiruvanmiyur,"Egmore, Teynampet, Saidapet, Adyar",Periyar Nagar
8A,Periyar Nagar,Tollgate,"Tondiarpet, V.Nagar, Regal, Choolai P.O, Otteri,Jamalaya, Venus",Periyar Nagar
B29N,Periyar nagar,Velachery,"Saidapet, T. Nagar, DMS, Gemini, Sterling Road/College Road, KMC, Doveton, Perambur, Venus",Periyar Nagar
42,Periyar Nagar,Broadway,"Central R.S, Periamet, Natarajatheatre, Pulianthope, Pattalam, Kannigapuram, Perambur B.S, Venus, Peravallur",Periyar Nagar
46B,Periyar Nagar,CMBT,"Perambur, Ayanavaram, ICF, Anna Nagar East, Arumbakkam",Periyar Nagar
138A,Periyar Nagar,Thiruvottiyur,"Tondiarpet, Mint, Basin Bridge, Vyasarpadi, Moolakadai, TVK Nagar",Periyar Nagar
170G,Periyar Nagar,Tambaram,,Periyar Nagar
583P,Pondhur,Tambaram,"Serapanancherri, Padappai, Mannivakkam, Mudichur",Pondhur
49A,Poonamalle e,T.Nagar,"Kumananchavadi, Porur, K.K. Nagar, Ashok Pillar",Poonamallee
49B,Poonamalle e,T.Nagar,"Kumananchavadi, Mangadu, Porur, K.K. Nagar, Ashok Pillar",Poonamallee
54,Poonamalle e,Broadway,"Kumananchavadi, Porur, Guindy, DMS, TVS, LIC, Central R.S",Poonamallee
54A,Poonamalle e,Thirunindravur,"Thirumazhisai, Vellavedu, Pudhuchatiram, Periyakottambedu, Kosavapalayam",Poonamallee
54C,Poonamalle e,Pattabiram,"Parivakkam, Chittukadu,Thandarai",Poonamallee
54F,Poonamalle e,Mandaveli,"Kumananchavadi, Iyyapanthangal, Porur, Guindy, Adayar",Poonamallee
54P,Poonamalle e,T.Nagar,"Kumanan chavadi, Mangadu, Paraniputhur, Baikadai, Moulivakkam, Porur, Guindy, Saidapet",Poonamallee
F54,Poonamalle e,Mandaveli,"Kumananchavadi, Iyyapanthangal, Porur, Guindy, Kotturpuram, Adyar Gate",Poonamallee
62,Poonamalle e,Red Hills,"Karayan chavadi, Seeneerkuppam, Goverdhangiri, Avadi Market, Avadi, Thirumullaivoyal, Ambathur OT, Pudur, Kallikuppam, Puzhal, Bypass road, Kavangarai, Ayurveda Ashramam",Poonamallee
62xt,Poonamalle e,Padiyanallur,"Karayan chavadi, Seeneerkuppam, Goverdhangiri, Avadi Market, Avadi, Thirumullaivoyal, Ambathur OT, Pudur, Kallikuppam, Puzhal, Bypass road, Kavangarai, Ayurveda Ashramam, Red Hills",Poonamallee
65V,Poonamalle e,Villivakkam,"Nadhamuni, Padi, Ambattur I.E, Ambattur OT, Avadi, Karaiyanchavadi",Poonamallee
PP66,Poonamalle e,Vandalur Zoo,"Tambaram, Chromepet, Pallavaram, Pammal, Anakaputhur, Kundrathur, Mangadu, Karaiyanchavadi",Poonamallee
66,Poonamalle e,Tambaram,"MEPZ, Chromepet, Pallavaram, Pammal, Anakaputhur, Kundrathur, Mangadu, Karaiyanchavadi",Poonamallee
66S,Poonamalle e,Sholinganallur,"Mettukuppam, Kamatchi Hospital, Echangadu, Pallavaram, Pammal, Anakaputhur, Kundrathur, Mangadu, Karaiyanchavadi",Poonamallee
154B,Poonamalle e,Nanganallur,"Kumanachavadi, Porur, Guindy,St.Thomas Mount,Vanuvampet",Poonamallee
562B,Poonamalle e,Ponneri,"Janappan chathram x Road, Karanodai, Red Hills, Puzhal, Ambattur OT, Avadi, Karaiyanchavadi",Poonamallee
578P,Poonamalle e,Elampakkam,"Chembarambakkam, Irunkattukottai, Pennalur EB, Sriperumbudur, Mambakkam, Vadamangalam, Thirumangalam, S.V.Chatiram, Maduramangalam Koot road, Pudhupattu",Poonamallee
580P,Poonamalle e,Periyapalayam,"Thirumazhisai, Vellavedu, Pudhuchatiram, Periyakottambedu, Kosavapalayam, Thiruninravur, Pakkam, Tamaraipakkam, Vadamadurai",Poonamallee
591C,Poonamalle e,Narasinprm M Koil,"Chembarambakkam, Chetipedu, Thandalam, Mannur, Kattukoot rd, Mappedu, Perambakkam",Poonamallee
25G,Poonamalle e,Anna Square,"Kannaki Statue, V.House, Royapettah, Palmgrove, Liberty, Vadapalani, Porur, Iyyapanthangal, Kumananchavadi",Poonamallee
53,Poonamalle e,Broadway,"Kumananchavadi, Mathruvayoil, Arumbakkam, Aminijikarai, KMC, Central R.S",Poonamallee
M54,Poonamalle e,T.Nagar,"Saidepet, Guindy, Porur, Iyyapanthangal, Kumananchavadi",Poonamallee
55J,Poonamalle e,Tambaram,"Kadapery, Thiruneermalai, Burma Colony, Vazhuthulapedu, Kundrathur Murugan koil, Kundrathur, Mangadu, Kumanan chavadi",Poonamallee
55K,Poonamalle e,Tambaram,"Tambaram Sanatorium, Chromepet, Pallavaram, Pammal Kamarajapuram, Thiruneermalai, Kundrathur Murugan koil, Kundrathur, Mangadu, Kumanan chavadi",Poonamallee
65,Poonamalle e,Avadi,"Govardhanagiri, Mettupalayam, Kaduveti, Karaiyanchavadi",Poonamallee
65B,Poonamalle e,Ambattur I.E,"Karayan chavadi, Seeneerkuppam, Goverdhangiri, Avadi Market, Avadi, Thirumullaivoyal, Ambathur OT, Canara bank, Dunlop, AMBIT Park",Poonamallee
65E,Poonamalle e,Ambattur I.E,"Ambattur OT, Avadi, Kamaraj Nagar, Karaiyanchavadi",Poonamallee
65K,Poonamalle e,Avadi,"Govardhanagiri, Mettupalayam Rd JN, Parivakkam Rd JN, Kaduveti, Karaiyanchavadi",Poonamallee
66K,Poonamalle e,Kilkattalai,"Inchangadu, Pallavaram, Pammal, Anakaputhur, Kundrathur, Mangadu, Kumananchavadi, Karaiyanchavadi",Poonamallee
162,Poonamalle e,Madhavaram,"Koyambedu Junction, Mathuravoyal, Kumananchavadi, Karaiyanchavadi",Poonamallee
553K,Poonamalle e,Sriperumbudur,"Chembarambakkam, Thandalam Koot road, Irrungattukottai, Pennalur EB",Poonamallee
54B,Porur,Saidapet,"Moulivakkam, Baikadai, Periyapannicherry, Kolapakkam, Manapakkam, Nandambakkam,Butt road, Kathipara, Guindy I.E, Little Mount",Porur
M89,Porur,Somangalam,Kundrathur,Porur
52,Pozhichalur,Broadway,"Pallavaram, Guindy, Saidapet, DMS, TVS, LIC, Central RS",Pozhichalur
52H,Pozhichalur,Manimangalam,"Pallavaram,Chromepet,Tambaram, Mudichur, Mannivakkam, Karasangal",Pozhichalur
52J,Pozhichalur,Durga nagar,"Pallavaram, Chromepet, T.B.Sanatorium,",Pozhichalur
M52,Pozhichalur,Guduvanchery,"Pallavaram,Chromepet,Tambaram, Perungalathur, Vandalor Zoo",Pozhichalur
M1P,Pozhichalur,Thiruvanmiyur,"Velachery, Kilkattalai, Pallavaram, Pammal",Pozhichalur
52S,Pozhichalur,Nemilicheri,"Chromepet, Pallavaram",Pozhichalur
118P,Puzhuthiva kkam,Guduvanchery,"Aadambakkam, Guindy,Pallavaram, Tambaram, Zoo",Puzhuthivakkam
51P,Puzhudiva kkam BS,High Court,Gunidy Race Course,Puzhuthivakkam
M270,Puzhuthiva kkam,Ambattur I.E,"Aadambakkam, Guindy, Udhayam, CMBT, Thirumangalam",Puzhuthivakkam
554A,Puzhuthiva kkam,Sriperumbudur,"Guindy, Porur, Kumananchavadi, Poonamallee, Irrungattukottai",Puzhuthivakkam
62A,Red Hills,Ambattur I.E,Pudur,Red Hills
62C,Red Hills,SRMC(Porur),"Iyyapanthangal, Kattupakkam, Kumanan chavadi, Saveetha Engineering College, Ayapakkam, Ambathur OT, Pudur, Kallikuppam, Puzhal, Bypass road, Kavangarai, Ayurveda Ashramam",Red Hills
114,Red Hills,Vandalur Zoo,"Tambaram, Pallavaram, Guindy, Ashok nagar, Vadapalani, CMBT, Thirumangalam, Anna nagar west, Padi, Thathankuppam, Kolathur, Retteri, Puzhal, Kavangarai, Ayurveda Ashramam",Red Hills
114A,Red Hills,Ayanavaram,"Puzhal, Nethaji Circle(byepass), Retteri, Lucas, ICF",Red Hills
157E,Red Hills,Ennore,"Puzhal, Moolakadai,Sharma Nagar, M.K.B Nagar, Korukkupettai, Tondaripet, Tollgate, Theradi, Thiruvottiyur",Red Hills
M157,Red Hills,Thiruvottiyur,"Puzhal, Moolakadai,Sharma Nagar, M.K.B Nagar, Korukkupettai, Tondaripet, Tollgate, Theradi",Red Hills
242,Red Hills,Broadway,"Central R.S, Vepery, Doveton, Perambur, Kolathur, Puzhal",Red Hills
242xt,Red Hills,Anna Square,,Red Hills
505P,Red Hills,Periyapalayam,"Alamadhi, Tamaraipakkam, Vengal, Vadamadurai",Red Hills
557C,Red Hills,Kallur,"Karanodai, Thachur Koot Road, Puduvayal, Kavarapettai, Gummidipoondi R.S., Elavur, Kuppam, Chinna Mangodu",Red Hills
557M,Red Hills,Madarpakkam,"Karanodai, Thachur Koot Road, Puduvayal, Kavarapettai, Gummidipoondi, Equavarpalayam, Pathirivedu",Red Hills
558M,Red Hills,Minjur N.T.,,Red Hills
562A,Red Hills,Sriperumbudur,"Puzhal, Pudur, Ambattur OT, Avadi, Karaiyanchavadi, Poonammallee, Irrunkatturkottai",Red Hills
592A,Red Hills,Uthukkottai,"Karanodai, Thatchur Koot road,Kannigaipair, Periyapalayam",Red Hills
558A,RedHills,Minjur,Karanodai,Red Hills
57,Red Hills,V Nagar,"Basin Bridge, Vyasarpadi, Moolakadai, Puzhal",Red Hills
58A,Red Hills,Broadway,"V.Nagar, Vyasarpadi, Moolakadai,",Red Hills
61R,Red Hills,Avadi,"HVF Hospital, Kovilpadagai, Vellanur, Veerapuram, Kadavoor",Red Hills
62,Red Hills,Avadi,"Thirumullaivoyal, Ambathur OT, Pudur, Kallikuppam, Surapedu, Puzhal, Bypass road, Kavangarai, Ayurveda Ashramam",Red Hills
62,Red Hills,Poonamallee,"Karayan chavadi, Seeneerkuppam, Goverdhangiri, Avadi Market, Avadi, Thirumullaivoyal, Ambathur OT, Pudur, Kallikuppam, Puzhal, Bypass road, Kavangarai, Ayurveda Ashramam",Red Hills
65H,Red Hills,Avadi,"Pattabiram, Thirunindravur",Red Hills
C70,Red Hills,Guindy Estate,"Ashok nagar, Vadapalani, CMBT, Thirumangalam, Anna nagar west, Padi, Thathankuppam, Kolathur, Retteri, Puzhal, Kavangarai, Ayurveda Ashramam",Red Hills
505,Red Hills,Thiruvallur,"Alamadhi, Tamaraipakkam, Vishnuvakkam, Moolakarai, Ekkadu Kandigai",Red Hills
M2,Saidapet,Ottiambakkam,"Velachery, Medavakkam",Saidapet
5R,Saidapet,Velachery,"Guindy, N.G.O. Colony, St.Thomas Mount, Vanuvampet, Velachery MRTS",Saidapet
M11,Saidapet,Tambaram East,"Guindy, St.Thomas Mount, Kilkattalai, Kovilambakkam, Medavakkam Koot Road, Santhosapuram, Camp Road",Saidapet
19B,Saidapet,Kelambakkam,"IIT Chennai, Madhya Kailash, Tidel Park, Thoraipakkam, SIRUSERI",Saidapet
19B xt,Saidapet,Thirupporur,"IIT Chennai, Madhya Kailash, Tidel Park, Thoraipakkam, SIRUSERI,Kelambakkam",Saidapet
51B,Saidapet,Karanai,"Checkpost, Velachery, Narayanapuram, Pallikaranai, Medavakkam, Sithalapakkam koot road, Sithalapakkam, Arasan kazhani, Ottiyambakkam",Saidapet
51E,Saidapet,Madipakkam BS,"Velachery, Ram Nagar",Saidapet
51S,Saidapet,Tambaram East,"St.Thomas Mount, Madippakkam, Keelkattalai, Kovilambakkam, Medavakkam Koot Road, Kamarajapuram, Camp Road",Saidapet
M51D,Saidapet,Kelambakkam,"Velachery, Medavakkam, Ottiyambakkam, Karanai, Thalambur, Pudhupakkam, Chettinad Hospital",Saidapet
54E,Saidapet,Meppur,"Guindy, Ramapuram, Porur, Kumanan chavadi, Poonamallee",Saidapet
65A,Saidapet,Muthapudupet,"Guindy, Porur, Kumananchavadi, Karaiyanchavadi, Avadi, HVF Hospital",Saidapet
29B,Saidapet,Perambur,"Otteri, Doveton, KMC, Chetpet, Sterling Road/College Road, Gemini, DMS, T.Nagar",Saidapet
51H,Saidapet,Tambaram East,"Velachery,Pallikkaranai, Medavakkam, Kamarajapuram, Camp Road",Saidapet
A51 cut,Saidapet,Tambaram East,"Camp Road, Kamarajapuram, Medavakkam, Pallikkaranai, Velachery, Guindy Race Course",Saidapet
54B,Saidapet,Porur,"Moulivakkam, Baikadai, Periyapannicherry, Kolapakkam, Manapakkam, Nandambakkam,Butt road, Kathipara, Guindy I.E, Little Mount",Saidapet
12C,Saligramam,Mylapore,"Vadapalani, Rangarajapuram, Panagal Park, S.I.E.T, Adyar Gate, Mandaveli",Saligramam
17E,Saligramam,Broadway,"Central, Chindatripet, Egmore, DPI, Sterling Road, Valluvarkottam, Liberty, Vadapalani",Saligramam
M119,Semmenche ri,Guindy,"Velachery,SRP,Perungudi",Semmencheri
M119A,Semmenche ri,T.Nagar,"Saidapet, Velachery, SRP, Perungudi",Semmencheri
M119B,Semmenche ri,Guindy,"Saidapet,GandhiMandapam, Adyar,Thi ruvanmiyur",Semmencheri
A19,Shozhingan allur,Madhya Kailash,"Thoraippakkam, SRP, Tidel Park",Shozhinganallur
M51,Sholinganal lur,T. Nagar,"Velachery, Medavakkam",Shozhinganallur
M51,Sholinganal lur,T.Nagar,"Saidapet, Velacherry, Pallikaranai, Medavakkam, Perumbakkam",Shozhinganallur
66S,Sholinganal lur,Poonamallee,"Mettukuppam, Kamatchi Hospital, Echangadu, Pallavaram, Pammal, Anakaputhur, Kundrathur, Mangadu, Karaiyanchavadi",Shozhinganallur
553,Sriperumbu dur,Broadway,"Central R.S, KMC, Kumananchavadi, Poonamallee, Irrungattukottai",Sriperumbudhur
553A,Sriperumbu dur,CMBT,"Mathruvayoil, Kumananchavadi, Poonamallee, Irrungattukottai",Sriperumbudhur
553K,Sriperumbu dur,Poonamallee,"Chembarambakkam, Thandalam Koot road, Irrungattukottai, Pennalur EB",Sriperumbudhur
554A,Sriperumbu dur,Puzhuthivakka m,"Guindy, Porur, Kumananchavadi, Poonamallee, Irrungattukottai",Sriperumbudhur
578,Sriperumbu dur,Kundrathur,"Mangadu, Kumananchavadi, Poonamallee, Chembarambakkam, Irrungattukottai",Sriperumbudhur
578A,Sriperumbu dur,Vadapalani,"Virugambakkam, Valasarawakkam, Porur, Kovoor, Kundrathur, Somangalam, Nallur, Sumtheramedu Koot road, Pillaipakkam, Pattunool Chatiram",Sriperumbudhur
583,Sriperumbu dur,Tambaram,"Mudichur, Padappai, Serapanacherri, Oragadam, Vallakottai, Pondur",Sriperumbudhur
502,Sriperumbu dur,Broadway,"Central R.S, LIC, Saidapet, Guindy, Porur, Kumananchavadi, Poonamallee, Irrungattukottai",Sriperumbudhur
562A,Sriperumbu dur,Red Hills,"Puzhal, Pudur, Ambattur OT, Avadi, Karaiyanchavadi, Poonammallee, Irrunkatturkottai",Sriperumbudhur
565,Sriperumbu dur,Pattabiram,"Avadi, Govardhanagiri, Karaiyanchavadi, Poonamallee, Irrunkatturkottai",Sriperumbudhur
583C,Sriperumbu dur,Tambaram,"Mudichur, Mannivakkam, Karasangal, Manimangalam",Sriperumbudhur
583D,Sriperumbu dur,Tambaram,"Old Perungalathur, Manimangalam, Mullai Nagar",Sriperumbudhur
554,Sunguvarch atiram,T. Nagar,"Saidapet, Guindy, Porur, Kumananchavadi, Poonamallee, Irrungattukottai,Sriperumbudur",Sunguvar Chathiram
525,Sunguvarch atiram,Vadapalani,"Virugambakkam, Valasarawakkam, Porur, Poonamallee, Irrungattukottai, Sriperumbudur, Thirumangalam koot road,Mambakkam,Vadamangalam",Sunguvar Chathiram
549,Sunguvarch athiram,Thiruvanmiyur,"Adyar, Guindy, Porur, Iyyapanthangal, Kumananchavadi, Poonamallee, Irungatukottai, Sriperumbudur",Sunguvar Chathiram
554B,Sunguvarch atram,Ekkaduthangal,"Porur, Kumananchavadi, Poonamallee, Irrungattukottai, Sriperumbudur",Sunguvar Chathiram
51F,Sunnabu kulathur,T. Nagar,Velachery,Sunnambu Kolathur
5A,T. Nagar,Tambaram East,"Saidapet, Velachery, Medavakkam, Camp Road",T.Nagar
5B,T. Nagar,Mylapore,"Saidapet, Anna University, Adyar, Sathyastudio, Mandaveli",T.Nagar
5G,T. Nagar,Kannagi Nagar,"Saidapet, Velachery, Taramani, RMZ, Perugudi",T.Nagar
A5,T. Nagar,Balaji Nagar,"Saidapet, Velachery, Medavakkam, Kamarajapuram",T.Nagar
7K,T.Nagar,Taramani,"Saidapet, Anna university, CPT, WPT,Tidel park",T.Nagar
M7,T.Nagar,Thiruvanmiyur,"Saidapet, Velachery, SRP Tools",T.Nagar
M7A,T.Nagar,Thiruvanmiyur,"Saidapet, Guindy, Velachery, IRT, SRP Tools",T.Nagar
9M,T.Nagar,A.G.S Office Colony,"Saidapet, Guindy, NGO Colony, Brindavan nagar, Kakkan Bridge",T.Nagar
12,T.Nagar,Vivekananda House,"Teynampet, Alwarpet, Luz, Chennai Citi Centre",T.Nagar
12A,T. Nagar,Foreshore Estate,"Pondy bazaar,Alwarpet, Luz, Santhome",T.Nagar
M12A,T. Nagar,Foreshore Estate,"Pondy bazaar,Alwarpet, Luz, Santhome",T.Nagar
13B,T. Nagar,Triplicane,"Zambazzar, Express avenue, Royapettah, Gopalapuram playground, Thousand Lights, DMS, Pondy Bazzar, Panagal park",T.Nagar
19B xt,T.Nagar,Thaiyur Koman Nagar,"Saidapet, IIT Chennai, Madhya Kailash, Tidel Park, Thoraipakkam, SIRUSERI, Kelambakkam",T.Nagar
19C,T. Nagar,Okkiam Thorapakkam,"Saidapet, Madhya Kailash, Tidel park, SRP Tools, Perugudi",T.Nagar
19H,T.Nagar,Kanathur,"Saidapet, Anna university, Adyar, Thiruvanmiyur, Kottivakkam, Palavakkam, Neelangarai, Injambakkam, Uthandi",T.Nagar
19T,T.Nagar,Thalambur,"Saidapet, SRP Tools, Sholinganallur, Navalur",T.Nagar
M19A,T. Nagar,Kelambakkam,"Saidapet, Adyar, Thiruvanmiyur, Perungudi",T.Nagar
M19B,T. Nagar,Kannagi Nagar,"Saidapet, Adyar, Thiruvanmiyur, Jain College, Perungudi",T.Nagar
27C,T. Nagar,Thiruverkadu,"Panagal park, Bharathinagar, Liberty, Power house, Vadapalani, MMDA Colony, CMBT, Koyambedu Market, Nerkundram, Maduravoyal, Vanagaram, Velappan chavadi",T.Nagar
27C cut,T. Nagar,Anna nagar West,"Panagal park, Bharathinagar, Liberty, Power house, Vadapalani, MMDA Colony, CMBT, Thirumangalam",T.Nagar
27T,T.Nagar,Oragadam,"Ambattur OT, Ambattur I.E, Collector Nagar, CMBT, Vadapalani, Liberty, Bharathi nagar, Panagal park",T.Nagar
M45,T. Nagar,Kilkattalai,"Saidapet, Velachery",T.Nagar
47D cut,T.Nagar,Korattur,"Adyar, T. Nagar, Sterling Road, Lucas",T.Nagar
49R,T. Nagar,Thiruverkadu,"Saidapet, Guindy, Ramapuram, Valasar awakkam, Maduravoyal,Velappan chavadi",T.Nagar
51B xt,T.Nagar,Ottiyambakkam,"Saidapet, Checkpost, Velachery, Narayanapuram, Pallikaranai, Medavakkam, Sithalapakkam koot road, Sithalapakkam, Arasan kazhani",T.Nagar
51M,T. Nagar,Madipakkam BS,"Saidapet, Guindy, NGO Colony, ST Thomas Mount, Vanuvampet, Madipakkam Koot road",T.Nagar
51N,T.Nagar,Moovarasampet,"Saidapet, Guindy, NGO Colony, ST Thomas Mount, Vanuvampet, Madipakkam Koot road",T.Nagar
M51,T. Nagar,Sholinganallur,"Velachery, Medavakkam",T.Nagar
M51C,T. Nagar,Ottiambakkam,"Velachery, MEDAVAKKAM, Perumbakkam",T.Nagar
M51V,T.Nagar,Kolathur,"Velachery,Medavakkam,Sithalapakkam koot road,Kovilancherry,Madurapakkam,Po nmar,Mambakkam Rice mill, Mambakkam",T.Nagar
M51,T.Nagar,Sholinganallur,"Saidapet, Velacherry, Pallikaranai, Medavakkam, Perumbakkam",T.Nagar
M51C,T.Nagar,Ottiambakkam,"Arasan Kazhani, Nukkanpalayam, Perumbakkam, Medavakkam, Pallikaranai, Velacherry, Checkpost, Saidapet",T.Nagar
52F,T.Nagar,Nemilicheri,"Chromepet,",T.Nagar
54V,T.Nagar,Veppampattu,"Sri ram Engg college,Perumalpattu, Ramasamy nagar, Periyakottambedu, Pudhuchatiram, Vellavedu,Poonamallee, Kumananchavadi, SRMC, Porur, Guindy, Saidapet",T.Nagar
G54,T.Nagar,Vellavedu,"Poonamallee, Kumananchavadi, SRMC, Porur, Guindy, Saidapet",T.Nagar
M54,T.Nagar,Poonamallee,"Saidepet, Guindy, Porur, Iyyapanthangal, Kumananchavadi",T.Nagar
88L,T.Nagar,Periyar Colony,"Gunidy, Porur, Kundrathur",T.Nagar
G118,T.Nagar,Kavanoor Koot Road,"Guindy, Pallavaram, Tambaram, Vandaloor Zoo, Guduvanchery",T.Nagar
147,T.Nagar,Madhavaram,"Moolakadai, Retteri, Thirumangalam, Rountana, Loyola College, Mahalingapuram, Panagal park",T.Nagar
147A,T.Nagar,Mugappair East,Anna Nagar,T.Nagar
147B,T.Nagar,Mugappair West,Anna Nagar,T.Nagar
147C,T.Nagar,Ambattur O.T.,"Collector Nagar, Blue Star, Anna Hospital, Loyalla College, Sterling Road, Valluvar Kottam",T.Nagar
147Cxt,T.Nagar,Ayapakkam,Ambattur I.E,T.Nagar
147S,T.Nagar,Senthil Nagar,"Thirumullaivoyil, Ambattur OT, Collector Nagar, Roundtana, Loyallo College, Valluvar Kottam",T.Nagar
147T,T.Nagar,Mathur MMDA,"Madhavaram, Moolakadai, Retteri, Thirumangalam, Rountana, Loyola College, Mahalingapuram, Panagal park",T.Nagar
154,T. Nagar,Pattur,"Mangadu, Iyyapanthangal, Porur, Ramapuram, St.Thomas Mount, Guindy, Saidapet",T.Nagar
519A,T. Nagar,Aalathur IE,"Saidapet, Tidel park,Sholinganallur, Kelambakkam, Thirupporur",T.Nagar
576,T. Nagar,Kanchipuram,"Saidepet, Guindy, Porur, Poonamallee, Irrungattukottai, Sriperumbudur, Sunguvarchathiram, Pillai chatiram, Kamakshi Temple",T.Nagar
582,T. Nagar,Vallakkottai,"Saidapet, Guindy, Porur, Poonamallee, Sriperumbudur, Bhondur, Pattunul Chatiram",T.Nagar
599,T. Nagar,Mamallapuram,"Saidapet, Adyar, Thiruvanmiyur, Injambakkam, Kovalam, Thiruvedanthai, Vadanemili",T.Nagar
51F,T. Nagar,Sunnabu kulathur,Velachery,T.Nagar
B51,T. Nagar,Tambaram East,"Camp Road, Santhosapuram, Medavakkam Koot Road, Kilkattalai, Madipakkam koot Road,Mount, Kathipara, Guindy",T.Nagar
V51,T. Nagar,TambaramWest,"Saidapet, Velachery, Ram Nagar, Madipakkam, Kilkattalai, Kovilambakkam, Medavakkam Koot Road, Kamarajapuram, Camp Road",T.Nagar
70P,T. Nagar,Veppampattu,"Thirunindravur, Avadi, Ambattur OT, Collector Nagar, CMBT, Liberty",T.Nagar
V151,T. Nagar,Tambaram East,"Saidapet, Velachery, Kamatchi Hospital, S.Kolathur, Kovilambakkam, Medavakkam Koot Road, Kamarajapuram, Camp Road",T.Nagar
154A,T. Nagar,Thirunindravur,"Kosavapalayam, Pudhuchatiram, Vellavedu, Thirumazhisai, Poonamallee, Kumananchavadi, Iyyapanthangal,",T.Nagar
500,T. Nagar,Chengalpattu,"Singaperumal Koil, Maraimalai nagar IE, Guduvancherry, Vandalur Zoo, Tambaram, Pallavaram, Guindy, Saidapet",T.Nagar
554,T. Nagar,Sunguvarchatira m,"Saidapet, Guindy, Porur, Kumananchavadi, Poonamallee, Irrungattukottai,Sriperumbudur",T.Nagar
5S,T.Nagar,Thiruvanmiyur,"Adyar, Kotturpuram",T.Nagar
11,T.Nagar,Broadway,"Panagal park, Vani mahal, Thousand Lights, TVS, Central R.S",T.Nagar
11A,T.Nagar,Vallalar Nagar,"Annasalai, Central R.S, Parry's Corner, Stanley Hospital",T.Nagar
11A xt,T.Nagar,M.K.B Nagar East,"Annasalai, Central R.S, Parry's Corner, Stanley Hospital, Vallalar nagar, Vysarpadi",T.Nagar
A11,T.Nagar,Broadway,Teynampet,T.Nagar
G18,T.Nagar,Guduvanchery,"Saidapet, Guindy, Pallavaram, Chromepet, Tambaram, Vandalur Zoo",T.Nagar
G18 xt,T.Nagar,Maraimalai nagar,"Saidapet, Guindy, Pallavaram, Chromepet, Tambaram, Vandalur Zoo, Guduvanchery",T.Nagar
M18C,T.Nagar,Kilkattalai,"Madipakkam Koot Road, Nanganallur, Guindy, Saidapet",T.Nagar
28D,T.Nagar,Thiruvottiyur,"Therady, Rajakadai, Tollgate, Tondiarpet, Vallalar nagar, Regal, Central, Zimson, LIC, TVS, Thousand Lights, DMS, Panagal park",T.Nagar
38J,T.Nagar,Madhavaram,"Thapal Petti, Moolakadai, Sharma nagar, Vyasarpadi, Basin Bridge, Mint, Stanley, Beach R.S, Broadway, Central, LIC, TVS, DMS, Panagal Park",T.Nagar
49B,T.Nagar,Poonamallee,"Kumananchavadi, Mangadu, Porur, K.K. Nagar, Ashok Pillar",T.Nagar
52C,T.Nagar,Hasthinapuram,"Chromepet,Pallavaram, Guindy, Saidap et",T.Nagar
54P,T.Nagar,Poonamallee,"Kumanan chavadi, Mangadu, Paraniputhur, Baikadai, Moulivakkam, Porur, Guindy, Saidapet",T.Nagar
54S,T.Nagar,Vadaku Malaiyambakka m,"Poonamallee, Kumanan chavadi, Iyyppanthangal, Porur, Guindy, Saidapet",T.Nagar
M79,T.Nagar,Padappai,"Samthuvapuram, Karasangal, Mannivakkam, Mudichur, Old Perugalathur, Tambaram, Chromepet, Pallavaram, Meenambakkam, Asharkana, Guindy, Little mount, Saidapet",T.Nagar
88C cut,T.Nagar,Kundrathur,"Sirukalathur, Kundrathur B.S, Koovoor, Periyapannicherry, Baikadai, Porur, Guindy, Saidapet, DMS, TVS, Central R.S",T.Nagar
114T,T.Nagar,Padiyanallur,"Panagal park, Liberty, Power house, Vadapalani Koil, Vadapalani, CMBT, Thirumangalam, Anna nagar west, Kolathur, Retteri, Puzhal, Kavangarai, Ayurveda Ashramam, Red Hills",T.Nagar
M119A,T.Nagar,Semmencheri,"Saidapet, Velachery, SRP, Perungudi",T.Nagar
188K,T.Nagar,Katrambakkam,"Kundrathur, Koovoor, Periyapannicherry,Baikadai, Moulivakkam, Porur, Manapakkam, Nandambakkam,Butt road, Kathipara, Guindy I.E, Little Mount, Saidapet",T.Nagar
591,T.Nagar,Perambakkam,"Guindy, Porur, Poonamallee, Thandalam, Mannur, Kattukoot rd, Mappedu, Koovam",T.Nagar
597,T. Nagar/Ma ndaveli,Thiruvallur,"Guindy, Iyypanthangal, Kumanan chavadi, Poonamallee, Thirumazhisai, Vellavedu, Nemam, Pudhuchatiram, Mettukandigai, Arnavoyal kuppam, Arnavoyal, Murkancherry, Manavalan Nagar",T.Nagar
18H,Tambaram,Naduveerapattu,"Kannadapalayam, Pazhanthandalam Koot road, Ettayapuram, Somangalam Koot road",Tambaram
18L,Tambaram,Madambakkam,"Perugalathur, Vandaloor Zoo, Guduvanchery, Madambakkam koot road",Tambaram
18S,Tambaram,Somangalam,"Kannadapalayam, Pazhanthandalam Koot road, Ettayapuram, Somangalam Koot road, Poonthandalam",Tambaram
18S extn,Tambaram,Nallur,"Kannadapalayam, Pazhanthandalam Koot road, Ettayapuram, Somangalam Koot road, Poonthandalam, Somangalam",Tambaram
21G,Tambaram,Broadway,"Anna Square, Mylapore, Mandaveli, Adyar Gate, Guindy",Tambaram
51G,Tambaram,Vengaivasal,"Camp Road, Rajakilpakkam, Madambakkam",Tambaram
55,Tambaram,Mannivakkam/ Vandalur Gate,"Old Perugalathur, Mudichur",Tambaram
55D,Tambaram,Keerapakkam,"Perugalathur, Sadhanapuram, Nedugudram, Kolapakkam, Rathnamangalam, Kandigai",Tambaram
55G,Tambaram,Vengambakkam,"Perugalathur, Sadhanapuram, Nedugudram, Kolapakkam, Vengambakkam koot road",Tambaram
55J,Tambaram,Poonamallee,"Kadapery, Thiruneermalai, Burma Colony, Vazhuthulapedu, Kundrathur Murugan koil, Kundrathur, Mangadu, Kumanan chavadi",Tambaram
55K,Tambaram,Poonamallee,"Tambaram Sanatorium, Chromepet, Pallavaram, Pammal Kamarajapuram, Thiruneermalai, Kundrathur Murugan koil, Kundrathur, Mangadu, Kumanan chavadi",Tambaram
118,Tambaram,Maraimalai Nagar I.E,"Irumbuliyur, Perugalathur, Vandalur Gate, Vandalur Zoo,Oorapakkam School, Oorapakkam Tea shop,Guduvanchery, SRM University",Tambaram
118K,Tambaram,Kilakaranai Koot road,"Irumbuliyur, Perugalathur, Vandalur Gate, Vandalur Zoo,Oorapakkam School, Oorapakkam Tea shop,Guduvanchery, SRM University, Maraimalai nagar IE, Kilakaranai",Tambaram
166,Tambaram,Iyyappanthanga l,"Ramachandra Hospital, Porur, Porur Powerhouse, Gerugumbakkam, Kovur, Moondram kattalai, Kundrathur, Anagaputtur, Pammal, Pallavaram, Chromepet",Tambaram
170,Tambaram,Thiruverkadu,"CMBT, Vadapalani, Guindy, Pallavaram, Chromepet",Tambaram
170G,Tambaram,Periyar Nagar,,Tambaram
515,Tambaram,Mamallapuram,"Vandalur Zoo, Kolapakkam, Vengambakkam, Rathinamangalam, Kandigai, Melkottaiyur, Kilkottaiyur, Mambakkam, Pudhupakkam, Kelambakkam, Kalavakkam, Thirupporur, Thandalam, Paiyanoor",Tambaram
555,Tambaram,Thirupporur,"Vandalur,Kandigai,Kelambakkam",Tambaram
555M,Tambaram,Thirupporur,"Kolapakkam, Mambakkam, Kayar, Vembedu",Tambaram
555N,Tambaram,Thirupporur,Guduvanchery,Tambaram
566A,Tambaram,Thiruvallur,"Pallavaram, Pammal, Anakaputhur, Kundrathur, Mangadu, Kumanan chavadi, Poonamallee, Thirumazhisai, Vellavedu, Nemam, Pudhuchatiram, Mettukandigai, Arnavoyal kuppam, Arnavoyal, Murkancherry, Manavalan Nagar",Tambaram
579A,Tambaram,Wallajabad,"Mudichur, Karasangal, Padappai, Oragadam Koot Road",Tambaram
583B,Tambaram,Perambakkam,"Old Perungalathur, Manimangalam, Sriperumbudur, Kattu Koot road, Meppedu, Koovam",Tambaram
583C,Tambaram,Sriperumbudur,"Mudichur, Mannivakkam, Karasangal, Manimangalam",Tambaram
583D,Tambaram,Sriperumbudur,"Old Perungalathur, Manimangalam, Mullai Nagar",Tambaram
1B,Tambaram,Thiruvottiyur,"Chromepet, Pallavaram, Guindy, Teynampet, D.M.S, L.I.C, Central R.S, Parry's Corner, Kalmandapam,",Tambaram
1E,Tambaram,Ennore,"Chromepet, Pallavaram, Guindy, Teynampet, D.M.S, L.I.C, Central R.S, Parry's Corner, Kalmandapam, Tollgate, Thiruvottiyur",Tambaram
M18,Tambaram,Guduvanchery,Vandalur Zoo/Arignar Anna Zoological Park,Tambaram
21P,Tambaram,Velachery,"Madipakkam, Kilkattalai, Eachangadu, Chromepet",Tambaram
66,Tambaram,Poonamallee,"MEPZ, Chromepet, Pallavaram, Pammal, Anakaputhur, Kundrathur, Mangadu, Karaiyanchavadi",Tambaram
66P,Tambaram,Pattabiram,"Pallavaram, Kundrathur, Poonamallee,Parivakkam, Chittukadu,Thandarai",Tambaram
70,Tambaram,Avadi,"Ambattur, Padi, Thirumangalam, CMBT, Vadapalani, Ashok Pillar, Chennai Airport, Pallavaram, Chromepet",Tambaram
70C,Tambaram,Koyambedu Market,"Vadapalani, Udhayam, Pallavaram, Tambaram",Tambaram
70G,Tambaram,Ayanavaram,"Anna Nagar East, Thirumangalam, CMBT, Vadapalani, Ashok Pillar, Chennai Airport, Pallavaram, Chromepet",Tambaram
70T,Tambaram,Villivakkam,"Nadhamuni, Thirumangalam, CMBT, Vadapalani, Guindy, Pallavaram",Tambaram
L70,Tambaram,Menambedu,"Korattur, CMBT, Vadapalani, Udhayam Theater",Tambaram
80,Tambaram,Padappai,Manimangalam,Tambaram
170B,Tambaram,TVK Nagar,"Kolathur, Retteri, Thirumangalam, CMBT, Vadapalani, Ashok Pillar, Guindy, Pallavaram",Tambaram
170P,Tambaram,Pattabiram,"Avadi, Ambattur OT, Golden Flats, Thirumangalam, CMBT, Vadapalani, Pallavaram, Chromepet",Tambaram
266,Tambaram,Avadi,"Govardhanagiri, Kaduveti, Karaiyanchavadi, Kumananchavadi, Mangadu, Kundrathur, Pallavaram",Tambaram
M500,Tambaram,Chengalpattu,"Singaperumal Koil, Maraimalai nagar IE, Guduvancherry, Vandalur Zoo, Perugalathur",Tambaram
583,Tambaram,Sriperumbudur,"Mudichur, Padappai, Serapanacherri, Oragadam, Vallakottai, Pondur",Tambaram
583P,Tambaram,Pondhur,"Serapanancherri, Padappai, Mannivakkam, Mudichur",Tambaram
51A,Tambaram East,Agaramthen,Camp Road,Tambaram East
51D,Tambaram East,Broadway,"Convent, Camp road, Rajakilpakkam, Kozhipannai, Madambakkam, Jothi Nagar, Noothencherry, Vengaivasal, Santhosapuram, Medavakkam Koot road, Medavakkam, Pallikaranai, Velacherry, Saidapet, DMS, TVS, LIC,",Tambaram East
51H,Tambaram East,Saidapet,"Velachery,Pallikkaranai, Medavakkam, Kamarajapuram, Camp Road",Tambaram East
51K,Tambaram East,Navalur,"Camp Road, Zion School, Madambakkam,Sithalapakkam Koot road, Sithalapakkam, Ottiyambakkam, Karanai, Thalambur",Tambaram East
51L,Tambaram East,CMBT,"Vadapalani, Guindy, Velachery, Pallikkaranai, Medavakkam, Kamarajapuram, Camp Road",Tambaram East
51T,Tambaram East,Ponmar,"Camp road, Balaji nagar, Thiruvancherry, Paduvancherry, Agaram then, Kovilancherry, Madurapakkam",Tambaram East
A51,Tambaram East,High Court,"Camp Road, Kamarajapuram, Medavakkam, Pallikkaranai, Velachery, Guindy Race Course, DMS, LIC, Central R.S",Tambaram East
A51 cut,Tambaram East,Saidapet,"Camp Road, Kamarajapuram, Medavakkam, Pallikkaranai, Velachery, Guindy Race Course",Tambaram East
B51,Tambaram East,T. Nagar,"Camp Road, Santhosapuram, Medavakkam Koot Road, Kilkattalai, Madipakkam koot Road,Mount, Kathipara, Guindy",Tambaram East
B51 cut,Tambaram East,Saidapet,"Camp Road, Santhosapuram, Medavakkam Koot Road, Kilkattalai, Madipakkam koot Road,Mount, Kathipara, GuindyEstate",Tambaram East
T51,Tambaram East,Thiruvanmiyur,"Camp Road, Medavakkam, Sholinganallur, Karappakkam, SRP, Tidel Park",Tambaram East
T51 cut,Tambaram East,Kannaki Nagar,"Camp Road, Medavakkam, Sholinganallur",Tambaram East
T151,Tambaram East,Kovalam,"CampRoad, Medavakkam,Shozhinganallur, Navalur, Kelambakkam",Tambaram East
V151,Tambaram East,T. Nagar,"Saidapet, Velachery, Kamatchi Hospital, S.Kolathur, Kovilambakkam, Medavakkam Koot Road, Kamarajapuram, Camp Road",Tambaram East
M151K,Tambaram East,Kannagi Nagar,"CampRoad, Medavakkam, Shozhinganallur, Okkiam",Tambaram East
551A,Tambaram East,Kelambakkam,"CampRoad, Medavakkam, Ponmar, Mambakkam, Pudupakkam, Chettinad Hospital",Tambaram East
5A,Tambaram East,T. Nagar,"Saidapet, Velachery, Medavakkam, Camp Road",Tambaram East
M11,Tambaram East,Saidapet,"Guindy, St.Thomas Mount, Kilkattalai, Kovilambakkam, Medavakkam Koot Road, Santhosapuram, Camp Road",Tambaram East
M15 xt,Tambaram East,Mylapore,"Adyar, Thiruvanmiyur, SRP Tools, Velachery, Pallikaranai, Medavakkam, Camp Road",Tambaram East
51S,Tambaram East,Saidapet,"St.Thomas Mount, Madippakkam, Keelkattalai, Kovilambakkam, Medavakkam Koot Road,",Tambaram East
PP51,Tambaram East,High Court,"Selaiyur, Camp Road, Medavakkam, Pallikaranai, Velachery, Anna University, Adyar, Sathyastudio, MRC Nagar, Foreshore Estate, Santhome, AIR, Anna Square",Tambaram East
C51,Tambaram West,Adyar,"Camp Road, Kamarajapuram, Medavakkam, Sholinganallur, ECR, Injambakkam, Thiruvanmyur",Tambaram West
C51 cut,Tambaram West,Injambakkam,"Camp Road, Kamarajapuram, Medavakkam, Sholinganallur, ECR",Tambaram West
V51,Tambaram West,T. Nagar,"Saidapet, Velachery, Ram Nagar, Madipakkam, Kilkattalai, Kovilambakkam, Medavakkam Koot Road, Kamarajapuram, Camp Road",Tambaram West
V51 cut,Tambaram West,Velachery,"Ram Nagar, Madipakkam, Kilkattalai, Kovilambakkam, Medavakkam Koot Road, Kamarajapuram, Camp Road",Tambaram West
T151K,Tambaram West,Kovalam,"CampRoad, Medavakkam, Shozhinganallur,Panaiyur, Uthandi, Kanathur, Muttukadu",Tambaram West
21J cut,Tambaram West,Velachery,"Pallikkaranai, Medavakkam, Kamarajapuram, Camp Road, Poondi Bazar, Tambaram Sanatorium",Tambaram West
M21,Tambaram West,Velachery,"Narayanapuram, Pallikaranai, Medavakkam, Camp Road, Tambaram East",Tambaram West
88C,Thandalam,High Court,"Koovoor, Periyapannicherry, Baikadai, Porur, Guindy, Saidapet, DMS, TVS, Central R.S",Thandalam
562,Thandalam,Ambattur Estate,"Periyapalayam, Red Hills, Puzhal, Pudur, Ambattur OT",Thandalam
593,Thandalam,Broadway,"Beach R.S,Stanley, Mint,Basin Bridge, Vyasarpadi, Moolakadai, Puzhal, Red Hills, Karanodai, Periyapalayam",Thandalam
T29,Thiru vi ka nagar,Thiruvanmiyur,"Venus, Perambur, Jamaliya, Egmore, L.I.C, Mylapore, Adyar",Thiru Vi Ka Nagar
48B,Thiru.Vi.Ka Nagar,Ennore,"Venus, Perambur, Moolakadai, Madhavaram, Mathur Koot road, Manali Koot road, Sathyamoorthy nagar, Ernavoor, Ashok Leyeland",Thiru Vi Ka Nagar
38C,TVK Nagar,V House,"Venus, Perambur, Pattalam, Bhuvaneswari, Doveton, Choolai P.O, Central R.S, Simpson, Adam market, Triplicane P.O",Thiru Vi Ka Nagar
170B,TVK Nagar,Tambaram,"Kolathur, Retteri, Thirumangalam, CMBT, Vadapalani, Ashok Pillar, Guindy, Pallavaram",Thiru Vi Ka Nagar
46,TVK Nagar,CMBT,"Perambur, Ayanavaram, ICF, Anna Nagar East, Arumbakkam",Thiru Vi Ka Nagar
170C,TVK Nagar,Guindy Estate,"Kolathur, Retteri, Thirumangalam, CMBT, Vadapalani, Ashok Pillar",Thiru Vi Ka Nagar
155A,Thirumudi vakkam,Broadway,"Thiruneermalai, Nagakeni, Pallavaram, Guindy, Saidape t, DMS, LIC, Central R.S",Thirumudivakkam
22A,Thirunamiy ur,Ambattur I.E,"Korattur, Lucas, Nathamuni, ICF, Ayanavaram, Kellys, Purasaiwakkam, Egmore, Triplicane,Ka nnagi statue, Santhome, AMS, Adyar",Thiruvanmiyur
1C,Thiruvanmi yur,Ennore,"Adyar, Mylapore, Royapettah, Parry's Corner, Kalmandapam, Tollgate, Rajakadai, Theradi, Azax, Ernavoor",Thiruvanmiyur
1D,Thiruvanmi yur,Ennore,"Adyar, Mylapore, Royapettah, Parry's Corner, Kalmandapam, Thalankuppam",Thiruvanmiyur
A1,Thiruvanmi yur,Central R.S,"Adyar, Mylapore, Royapettah",Thiruvanmiyur
M1,Thiruvanmi yur,Kilkattalai,"SRP Tools, Velachery, Kaiveli, Ram Nagar, Madipakkam",Thiruvanmiyur
T1,Thiruvanmi yur,Royapuram M.C,"Adyar, Mylapore, Royapettah, Parry's Corner",Thiruvanmiyur
M1P,Thiruvanmi yur,Pozhichalur,"Velachery, Kilkattalai, Pallavaram, Pammal",Thiruvanmiyur
5S,Thiruvanmi yur,T.Nagar,"Adyar, Kotturpuram",Thiruvanmiyur
6D,Thiruvanmi yur,Tollgate,"Besant Nagar, Foreshore Estate, Parry's Corner",Thiruvanmiyur
6E,Thiruvanmi yur,Tollgate,"Adyar, Foreshore Estate, Parry's Corner, Kasimedu",Thiruvanmiyur
7S,Thiruvanmi yur,Saidapet West,"SRP Tools, Velachery, Saidapet, CIT Nagar",Thiruvanmiyur
21H Cut,Thiruvanmi yur,Kelambakkam,"SRP Tools,Perungudi,Sholinganallur,Navalu r,Padur",Thiruvanmiyur
A21,Thiruvanmi yur,Vandalur Zoo,"SRP Tools,Thorapakkam,Redial Road,Kamatchi Hospital, Eechangadu,Pallavaram, Chromepet, Tambaram, Perugalathur",Thiruvanmiyur
V21,Thiruvanmi yur,Guduvanchery,"SRP, Taramani, Velachery, Kamatchi Hospital, Chromepet, Tambaram",Thiruvanmiyur
23M,Thiruvanmi yur,CMBT,"Jayanthi, Adyar, Gandhi mandapam, Little mount, Saidapet, T.Nagar, Panagal park, Liberty, Power house, Vadapalani, MMDA Colony",Thiruvanmiyur
23M extn,Thiruvanmi yur,Anna Nagar West,"Adyar, Gandhi mandapam, Little mount, Saidapet, T.Nagar, Panagal park, Liberty, Power house, Vadapalani, MMDA Colony, CMBT, Thirumangalam",Thiruvanmiyur
29G,Thiruvanmi yur,Parvathy Nagar (Kodungaiyur),"Moolakadai, Perambur, Doveton, Egmore, LIC, Royapettah, Mylapore, Mandaveli, Adyar",Thiruvanmiyur
41G,Thiruvanmi yur,Oragadam,"Amabattur OT, Ambathur IE, Wavin, Collector nagar, Thirumangalam, Anna nagar Rountana, Amijikarai, Taylors road, Sterling road, Gemini, Stella Maris College, Mylapore, Mandaveli, AMS, Adyar",Thiruvanmiyur
47,Thiruvanmi yur/Adyar,Villivakkam,"T.Nagar, Valluvar Kottam, Pushpa nagar,Loyola college, Anna Nagar East",Thiruvanmiyur
47A,Thiruvanmi yur/Besant Nagar,ICF (Integral Coach Factory),"Adyar, T.Nagar, Sterling Road, Taylors Road, New Avadi Road",Thiruvanmiyur
47D,Thiruvanmi yur,Avadi,"Adyar, T. Nagar, Sterling Road, Ambattur I.E",Thiruvanmiyur
47D,Thiruvanmi yur,Ambathur O.T.,"Adyar, T. Nagar, Sterling Road, Ambattur I.E",Thiruvanmiyur
A47,Thiruvanmi yur,Avadi,"Adyar, T.Nagar, Pushpa Nagar, Ambattur I.E",Thiruvanmiyur
49,Thiruvanmi yur,Iyyapanthangal,"Guindy, Porur",Thiruvanmiyur
49xt,Thiruvanmi yur,Thiruverkadu,"Iyyapanthangal, Kumananchavadi, Velappanchavadi",Thiruvanmiyur
A147,Thiruvanmi yur,Avadi,"Adyar, T.Nagar, Pushpa Nagar, Ambattur I.E, Collector Nagar",Thiruvanmiyur
523,Thiruvanmi yur,Perunthandalam,"Perungudi,Sholinganallur,Kelambakka m, Thirupporur",Thiruvanmiyur
523A,Thiruvanmi yur,Karumbakkam,"Perungudi, Sholinganallur, Kelambakkam, Thirupporur",Thiruvanmiyur
549,Thiruvanmi yur,Sunguvarchathir am,"Adyar, Guindy, Porur, Iyyapanthangal, Kumananchavadi, Poonamallee, Irungatukottai, Sriperumbudur",Thiruvanmiyur
1A,Thiruvanmi yur,Thiruvottiyur,"Adyar, Mylapore, Royapettah, Central R.S, Kalmandapam, Tollgate, Rajakadai, Theradi",Thiruvanmiyur
4,Thiruvanmi yur,Thiruvottiyur,"Adyar, Mylapore, Luz, Music Academy, Royapettah, LIC, Central R.S, Regal, Vallalar Nagar, Tondiarpet, Tollgate, Therady",Thiruvanmiyur
M7,Thiruvanmi yur,T.Nagar,"Saidapet, Velachery, SRP Tools",Thiruvanmiyur
M7A,Thiruvanmi yur,T.Nagar,"Saidapet, Guindy, Velachery, IRT, SRP Tools",Thiruvanmiyur
21D,Thiruvanmi yur,Broadway,"Indira Nagar, Besant Nagar, Foreshore Estate, Anna Square",Thiruvanmiyur
23C xt,Thiruvanmi yur,Korattur,"Lucas, Nathamuni, ICF, Ayanavaram, Purasaiwakkam, Egmore, LIC, TVS, Saidapet, Adyar",Thiruvanmiyur
29C xt,Thiruvanmi yur,Mathur MMDA,"Madhavaram Milk colony, Thapal petti, Moolakadai, Perambur",Thiruvanmiyur
29L,Thiruvanmi yur,Periyar Nagar,"Egmore, Teynampet, Saidapet, Adyar",Thiruvanmiyur
T29,Thiruvanmi yur,Thiru vi ka nagar,"Venus, Perambur, Jamaliya, Egmore, L.I.C, Mylapore, Adyar",Thiruvanmiyur
D41,Thiruvanmi yur,Ambattur O.T.,"Korattur, Lucas,Thirumangalam, Amijikarai, KMC, Chetpet,Sterling road, Gemini,Teynampet,Nandanam, Adyar Gate, Mandaveli, AMS, Adyar",Thiruvanmiyur
T51,Thiruvanmi yur,Tambaram East,"Camp Road, Medavakkam, Sholinganallur, Karappakkam, SRP, Tidel Park",Thiruvanmiyur
M70,Thiruvanmi yur,CMBT,"Vadapalani, Ashok nagar, Guindy, Checkpost, Velacherry, Taramani, SRP",Thiruvanmiyur
M70 xt,Thiruvanmi yur,Anna Nagar West,"Thirumangalam, CMBT, Vadapalani, Ashok nagar, Guindy, Checkpost, Velacherry, Taramani, SRP tools, Jayanthi",Thiruvanmiyur
T242,Thiruvanmi yur,Padiyanallur,"Puzhal, Retteri, Kolathur, Perambur, Doveton, Vepery, Central R.S, Broadway, Marina, Santhome,Adyar",Thiruvanmiyur
154A,Thirunindr avur,T. Nagar,"Kosavapalayam, Pudhuchatiram, Vellavedu, Thirumazhisai, Poonamallee, Kumananchavadi, Iyyapanthangal, Porur, Guindy, Saidapet",Thiru Nindravur
54A,Thirunindr avur,Poonamallee,"Thirumazhisai, Vellavedu, Pudhuchatiram, Periyakottambedu, Kosavapalayam",Thiru Nindravur
71E,Thirunindr avur,Broadway /Am battur I.E (NS),"Central R.S, New Avadi road, Nadhamuni, Ambattur I.E, Ambattur OT, Avadi",Thiru Nindravur
221H,Thirupporu r,Central R.S,"LIC,DMS, Saidapet,IIT Chennai, Madhya Kailash, Tidel Park, Thoraipakkam, Sholinganallur, SIRUSERI, Kelambakkam",Thirupporur
568B,Thirupporu r,Velachery,"Sholinganallur, Kelambakkam",Thirupporur
517T,Thirupporu r,Pallavaram,"Eachangadu, Kovilambakkam, Medavakkam Koot Road, Sholinganallur, Kelambakkam",Thirupporur
519,Thirupporu r,T. Nagar,"Saidapet, Tidel park,Sholinganallur, Kelambakkam",Thirupporur
519 cut,Thirupporu r,Adyar,"SRP tools, Sholinganallur, Kelambakkam, Kalavakkam",Thirupporur
521,Thirupporu r,"Broadway, Chennai","Marina,Thiruvanmiyur,Perungudi,Sholi nganallur,Kelambakkam",Thirupporur
552K,Thirupporu r,Kilkattalai,"Medavakkam, Sholinganallur, Kelamba kkam",Thirupporur
555,Thirupporu r,Tambaram,"Vandalur,Kandigai,Kelambakkam",Thirupporur
555M,Thirupporu r,Tambaram,"Kolapakkam, Mambakkam, Kayar, Vembedu",Thirupporur
555N,Thirupporu r,Tambaram,Guduvanchery,Thirupporur
566,Thirupporu r,Kundrathur,"Anakaputhur, Pammal, Pallavaram, Chromepet, Tambaram Sanatorium, Tambaram, Vandalur, Kandigai, Mambakkam, Pudhupakkam, Chettinad Hospital, Kelambakkam",Thirupporur
587,Thirupporu r,Broadway,"Marina,Thiruvamiyur,ECR,Kelambakka m",Thirupporur
505,Thiruvallur,Red Hills,"Alamadhi, Tamaraipakkam, Vishnuvakkam, Moolakarai, Ekkadu Kandigai",Thiruvallur
571,Thiruvallur,Broadway,"Central R.S, Taylors Road, Nadhamuni, Padi, Ambattur IE, Avadi, Thirunindravur, Vepampattu, Sevapet, Kakallur",Thiruvallur
572,Thiruvallur,Ambattur I.E,"Ambattur OT, Avadi, Pattabiram, Thirunindravur, Veppampattu, Sevapet, Kakallur",Thiruvallur
572A,Thiruvallur,Avadi,"Pattabiram, Thirunindravur, Veppampattu, Sevapet, Kakallur",Thiruvallur
597,Thiruvallur,T. Nagar/Mandav eli,"Guindy, Iyypanthangal, Kumanan chavadi, Poonamallee, Thirumazhisai, Vellavedu, Nemam, Pudhuchatiram, Mettukandigai, Arnavoyal kuppam, Arnavoyal, Murkancherry, Manavalan Nagar",Thiruvallur
566A,Thiruvallur,Tambaram,"Pallavaram, Pammal, Anakaputhur, Kundrathur, Mangadu, Kumanan chavadi, Poonamallee, Thirumazhisai, Vellavedu, Nemam, Pudhuchatiram, Mettukandigai, Arnavoyal kuppam, Arnavoyal, Murkancherry, Manavalan Nagar",Thiruvallur
583A,Thiruvallur,Sriperumbudur,"Manavalan Nagar, Mel Nallathur, Kizh Nallathur,Polivakkam, Kattu Koot Road",Thiruvallur
596,Thiruvallur,CMBT,"Koyambedu, Nerkundram, Madhuravoyal, Kumanan chavadi, Poonamallee, Thirumazhisai, Vellavedu, Nemam, Pudhuchatiram, Mettukandigai, Arnavoyal kuppam, Arnavoyal, Murkancherry, Manavalan Nagar",Thiruvallur
596P,Thiruvallur,CMBT,"Koyambedu, Nerkundram, Madhuravoyal, Kumanan chavadi, Poonamallee, Chembarabakkam, TSR Rajalakshmi Nagar, Mannur, Puduvallur Jn., Sunnabukulam, Aranvoyal, Manavalan Nagar",Thiruvallur
M170,Thiruverka du,Velachery,"Velappan chavadi, Vanagaram, Maduravoyal, Nerkundram, Koyambedu Market, CMBT, Vadapalani, Ashok Pillar, Guindy, Checkpost",Thiruverkadu
20K,Thiruverka du,Ambattur I.E,,Thiruverkadu
20T,Thiruverka du,Villivakkam,"Ambattur I.E, Ayapakkam",Thiruverkadu
27C,Thiruverka du,T. Nagar,"Panagal park, Bharathinagar, Liberty, Power house, Vadapalani, MMDA Colony, CMBT, Koyambedu Market, Nerkundram, Maduravoyal, Vanagaram, Velappan chavadi",Thiruverkadu
29E,Thiruverka du,Perambur,"Otteri, Purasawakkam High Road, Kellys, Aminjikarai, Koyambedu, Nerkundram, Maduravoyal, Velappanchavadi",Thiruverkadu
49R,Thiruverka du,T. Nagar,"Saidapet, Guindy, Ramapuram, Valasar awakkam, Maduravoyal,Velappan chavadi",Thiruverkadu
50,Thiruverka du,Broadway,"Central, Dasaprakash, KMC, Amijikarai, Arumbakkam, Koyambedu, Nerkundram, Maduravoyal, Vanagaram, Velappan chavadi",Thiruverkadu
59,Thiruverka du,V Nagar,"Basinbridge, Elephantgate, Doveton, Purasawakam, KMC, Aminjikarai, Arumbakkam, Maduravoyal, Velappanchavadi",Thiruverkadu
127B,Thiruverka du,Anna Square,"Maduravoyal, KoyambeduMarket, Amijikarai, KMC, Chetpet, EgmoreR.S, Chindhatripet, Triplicane",Thiruverkadu
159,Thiruverka du,Thiruvottiyur,"Tollgate, Tondiarpet, V.Nagar, Regal, Choolai P.O., Purasawakkam High Road, Kellys, Aminjikarai, Koyambedu, Nerkundram, Maduravoyal, Velappanchavadi",Thiruverkadu
170,Thiruverka du,Tambaram,"CMBT, Vadapalani, Guindy, Pallavaram, Chromepet",Thiruverkadu
T553,Thiruverka du,Kunnam,"Kumananchavadi, Poonamallee, Irrungattukottai, Sriperumbudur, Sung uvarchatiram",Thiruverkadu
1,Thiruvottiy ur,Thiruvanmiyur,"Adyar, Mylapore, Royapettah, Parry's Corner, Kalmandapam, Tollgate, Rajaka dai, Theradi",Thiruvottriyur
1B,Thiruvottiy ur,Tambaram,"Chromepet, Pallavaram, Guindy, Teynampet, D.M.S, L.I.C, Central R.S, Parry's Corner, Kalmandapam, Tollgate",Thiruvottriyur
1G,Thiruvottiy ur,Velachery,"Saidapet, Annasalai, Parry's Corner, Kalmandapam, Tollgate",Thiruvottriyur
1G xt,Thiruvottiy ur,Medavakkam,"Velachery, Saidapet, TVS, LIC, Parry's Corner, Kalmandapam, Tollgate",Thiruvottriyur
1J,Thiruvottiy ur,Triplicane,"Rajakadai, Tollgate, Kalmandappam, Pa rry's Corner, Central R.S",Thiruvottriyur
4,Thiruvottiy ur,Thiruvanmiyur,"Adyar, Mylapore, Luz, Music Academy, Royapettah, LIC, Central R.S, Regal, Vallalar Nagar, Tondiarpet, Tollgate, Therady",Thiruvottriyur
21H xt,Thiruvotriy ur,Kelambakkam,"Tollgate, Broadway, Secretrariat, Anna Square, AIR, Santhome, Foreshore Estate, MRC Nagar, Adyar, SRP Tools,Perungudi,Sholinganallur,Navalu r",Thiruvottriyur
28D,Thiruvottiy ur,T.Nagar,"Therady, Rajakadai, Tollgate, Tondiarpet, Vallalar nagar, Regal, Central, Zimson, LIC, TVS, Thousand Lights, DMS, Panagal park",Thiruvottriyur
34,Thiruvottiy ur,Ambattur I.E,"Thirumangalam, Rountana, Chinthamani, Kellys, Purasaiwakkam, Choolai P.O., Regal, V.Nagar, Tondiarpet, Tollgate, Therady",Thiruvottriyur
34xt,Thiruvottiy ur,Pattabiram,"Ambattur I.E, Thirumangalam, Rountana, Chinthamani, Kellys, Purasaiwakkam, Choolai P.O., Regal, V.Nagar, Tondiarpet, Tollgate, Therady",Thiruvottriyur
119,Thiruvottri yur,Kovalam,"Broadway, Marina Beach, Thiruvanmiyur, Injambakkam",Thiruvottriyur
134A,Thiruvottiy ur,Mogappair West,,Thiruvottriyur
138A,Thiruvottiy ur,Periyar Nagar,"Tondiarpet, Mint, Basin Bridge, Vyasarpadi, Moolakadai, TVK Nagar",Thiruvottriyur
156,Thiruvotriy ur,Karanodai,,Thiruvottriyur
159,Thiruvottiy ur,Thiruverkadu,"Tollgate, Tondiarpet, V.Nagar, Regal, Choolai P.O., Purasawakkam High Road, Kellys, Aminjikarai, Koyambedu, Nerkundram, Maduravoyal, Velappanchavadi",Thiruvottriyur
159A,Thiruvotriy ur,CMBT,"Tollgate, Tondiarpet, V.Nagar, Regal, Choolai P.O., Purasawakkam High Road, Kellys, Aminjikarai, Arumbakkam",Thiruvottriyur
159C,Thiruvottiy ur,Koyambedu Market,"Tollgate, Tondiarpet, V.Nagar, Regal, Choolai P.O., Purasawakkam High Road, Kellys, Aminjikarai, Arumbakkam",Thiruvottriyur
556,Thiruvottiy ur,Kattupalli,"Ernavoor Gate, Sathiyamoorthy Nagar, Andakuppam, Athipattu Pudhunagar, Ennore Thermal PowerStation, L&T Harbour, Kattupalli Village",Thiruvottriyur
38D,Tiruvottiyu r,Parvathy Nagar (Kodungaiyur),,Thiruvottriyur
56T,Tiruvottiyu r,Madhavaram,MFL,Thiruvottriyur
28,Thiruvotriy ur,Egmore R.S,"Tollgate,Tondiarpet,Vallalarnagar,Regal , Central RS, Chindatripet",Thiruvottriyur
595A,Thiruvottiy ur,Pazhaverkadu,"Sathyamoorthy nagar, Minjur, Kadapakkam, Thathanmanji, Perliyambakkam, Pulicut",Thiruvottriyur
T47,Tidel Park,Villivakkam,"Madiakailash, Saidapet, T. Nagar, Anna Hospital, ICF",Tidel Park
6A,Tollgate,Besant Nagar,"Adyar, Foreshore Estate, Triplicane, Parry's Corner, Maharani, Washermanpet,",Toll Gate
8A,Tollgate,Periyar Nagar,"Tondiarpet, V.Nagar, Regal, Choolai P.O, Otteri,Jamalaya, Venus",Toll Gate
10A,Tollgate,Saidapet West,"Kal mandapam, Parrys, Central R.S, Egmore R.S, Maternity Hospital, DPI, Sterling road, Valluvar Kottam, Panagal park, T.Nagar, Srinivasa Theater, Mettupalayam",Toll Gate
32A,Tollgate,Foreshore Estate,"Maharani, Tondiarpet, Vallalar nagar, Broadway, Central R.S., Triplicane, V.House, AIR, Santhome",Toll Gate
159B,Tollgate,CMBT,"Tondiarpet, V.Nagar, Regal, Choolai P.O., Purasawakkam High Road, Kellys, Aminjikarai, Arumbakkam",Toll Gate
6D,Tollgate,Thiruvanmiyur,"Besant Nagar, Foreshore Estate, Parry's Corner",Toll Gate
595,Tollgate,Pazhaverkadu,"Thiruvottriyur, Sathyamoorthy nagar, Minjur, Kadapakkam, Thathanmanji, Perliyambakkam, Pulicut",Toll Gate
24A,V House,Anna Nagar West,"Shanthi Colony, K4 Police station, Chinthamani, Aminijikarai, Chetpet, Gemini, Royapetah",Vivekanandar House
24C,V House,Avadi,"Ambattur OT, Collector Nagar, Blue Star, Chinthamani, Aminijikarai, Chetpet, Gemini, Royapetah",Vivekanandar House
32,V. House,Vallalar Nagar,"Broadway, Central R.S., Simpson",Vivekanandar House
32B,V. House,Korukkupet,"Vallalar nagar, Broadway, Central R.S., Simpson",Vivekanandar House
12,Vivekanand a House,T.Nagar,"Teynampet, Alwarpet, Luz, Chennai Citi Centre",Vivekanandar House
29D,V House,Mathur MMDA,"Madhavaram Milk colony, Thapal petti, Moolakadai, Perambur, Otteri, Devoton, Egmore, Pudhupet, Walaja Road",Vivekanandar House
38C,V House,TVK Nagar,"Venus, Perambur, Pattalam, Bhuvaneswari, Doveton, Choolai P.O, Central R.S, Simpson, Adam market, Triplicane P.O",Vivekanandar House
45A,V.House,Velachery,"Saidapet, Nandanam, Adyar Gate",Vivekanandar House
37D,V Nagar,KK Nagar,"Regal, Choolai P.O., Purasaivakkam,KMC, Chetpet,Ste rling road, Valluvarkottam, Liberty, Samiarmadam, Udhayam, Nesapakkam, MGR Nagar",Vallalar Nagar
56A,V Nagar,Ennore,,Vallalar Nagar
56W,V Nagar,Madhavaram,"Tondiarpet, Thiruvottriyur, MFL",Vallalar Nagar
57,V Nagar,Red Hills,"Basin Bridge, Vyasarpadi, Moolakadai, Puzhal",Vallalar Nagar
59,V Nagar,Thiruverkadu,"Basinbridge, Elephantgate, Doveton, Purasawakam, KMC, Aminjikarai, Arumbakkam, Maduravoyal, Velappanchavadi",Vallalar Nagar
248,V Nagar,Pudur,"Ambattur, Ambattur IE, Padi, Nadhamuni, ICF, Joint Office, Otteri, Pattalam, Pulianthopu Police station, Basin Bridge",Vallalar Nagar
248xt,V Nagar,Oragadam,"Ambattur, Ambattur IE, Padi, Lucas TVS, ICF, Joint Office, Otteri, Basin Bridge",Vallalar Nagar
248A,V Nagar,Kallikuppam,Pudur,Vallalar Nagar
248P,V Nagar,Puthagaram,Pudur,Vallalar Nagar
547,V Nagar,Periyapalayam,"Basin Bridge, Vyasarpadi, Moolakadai, Puzhal, Red Hills, Karanodai, Siruvapuri",Vallalar Nagar
547A,V Nagar,Periyapalayam,"Basin Bridge, Vyasarpadi, Moolakadai, Puzhal, Red Hills, Karanodai, Akarambakkam, Arani, Kosavampettai",Vallalar Nagar
557A,V Nagar,Rettambedu,"Basin Bridge, Vyasarpadi, Moolakadai, Puzhal, Red Hills, Karanodai, Thachur Koot Road, Puduvayal, Kavarapettai",Vallalar Nagar
558P,V.Nagar,Perumbedukup pam,"Vysarpadi, Moolakadai, Madhavaram, Redhills, Karanodai, Ponneri, Chinnakuvanam, Perumbedu",Vallalar Nagar
592,V Nagar,Periyapalayam,"Basin Bridge, Vyasarpadi, Moolakadai, Puzhal, Red Hills, Karanodai,Janappan Chathram x road, Bandikavanoor,Kannigaipair",Vallalar Nagar
592G,V Nagar,Periyapalayam,"Basin Bridge, Vyasarpadi, Moolakadai, Puzhal, Red Hills, Karanodai,Pandy Kavanoor Rd JN, Kannigaipair",Vallalar Nagar
592V,V Nagar,Vengal,"Basin Bridge, Vyasarpadi, Moolakadai, Puzhal, Red Hills, Karanodai, Poorivakkam",Vallalar Nagar
11A,Vallalar Nagar,T.Nagar,"Annasalai, Central R.S, Parry's Corner, Stanley Hospital",Vallalar Nagar
M11A,Vallalar Nagar,Rengarajapuram,"Pangal Park, Annasalai, Central R.S, Parry's Corner",Vallalar Nagar
532,Vallalar Nagar,Periyapalayam,"Basin Bridge, Vyasarpadi, Moolakadai, Puzhal, Red Hills, Karanodai, Arani",Vallalar Nagar
32,Vallalar Nagar,V. House,"Broadway, Central R.S., Simpson",Vallalar Nagar
37G,V Nagar,Iyyapanthangal,"Regal, Choolai P.O., Purasaivakkam,KMC, Chetpet,Ste rling road, Valluvarkottam, Liberty, Vadapalani, Porur, SRMC",Vallalar Nagar
48,Vallalar Nagar,Villivakkam,"ICF, Railway Quarters, Joint Office, Sayani, Otterri, Basin Bridge",Vallalar Nagar
48C,Vallalar Nagar,CMBT,"Thirumangalam, Anna Nagar West, Nadhamuni, ICF, Railway Quarters, Joint Office, Sayani, Otterri, Basin Bridge",Vallalar Nagar
54S,Vadaku Malaiyamb akkam,T.Nagar,"Poonamallee, Kumanan chavadi, Iyyppanthangal, Porur, Guindy, Saidapet",Vadakku Malaiyapakam
5E,Vadapalani,Besant Nagar,"Nesapakkam, MGR Nagar, KK Nagar, Ashok pillar, Jafferkhanpet, Mettupalayam, Srinivasa theater, CIT nagar, Saidapet, Anna University, Adyar, Vannanthurai, Velankkani church",Vadapalani
5T,Vadapalani,Taramani,"Saidapet, T.Nagar, Ashok pillar, K.K.Nagar",Vadapalani
17P,Vadapalani,Pattur,"Mangadu, Porur, Virugambakkam",Vadapalani
G70,Vadapalani,Guduvanchery,"Udhayam Theater, Pallavaram, Tambaram, Vandalur Zoo",Vadapalani
501,Vadapalani,Poondi,"Virugamabakkam, Valasarawakkam,Porur, Iyyapanthangal, Kumananchavadi, Poonamallee, Thirumazhisai, Nemam, Manavalan Nagar, Thiruvallur",Vadapalani
538,Vadapalani,Kadambathur,"Virugamabakkam, Valasarawakkam,Porur, Iyyapanthangal, Kumananchavadi, Poonamallee, Thirumazhisai, Nemam, Manavalan Nagar, Thiruvallur, Thirupatchur",Vadapalani
12B,Vadapalani,Foreshore Estate,"Kodambakkam, Pondy Bazaar, Alwarpet, Luz, Santhome",Vadapalani
15F,Vadapalani,Broadway,"Virugambakkam, Chinmaya nagar, Koyambedu Market, CMBT, Amijikarai, KMC, Dasaprakash, Central R.S",Vadapalani
17,Vadapalani,Broadway,"Central,Chindatripet,Egmore RS, Chetpet,Sterling road, Loyola college, Kodambakkam",Vadapalani
37,Vadapalani,V Nagar,"Regal, Choolai P.O., Purasaivakkam,KMC, Chetpet,Ste rling road, Valluvarkottam, Liberty",Vadapalani
37C,Vadapalani,Villivakkam,"Kambar Arangam,Ayanavara,Kellys,Purasaiwak kam, Egmore,DPI, Sterling Road, Valluvarkottam, Liberty",Vadapalani
37E,Vadapalani,M.K.B Nagar,"Vysarpadi, V Nagar,Regal,Choolai P.O.,Purasaiwakkam, Egmore,DPI, Sterling Road, Valluvarkottam, Liberty",Vadapalani
M88,Vadapalani,Kundrathur,Porur,Vadapalani
578A,Vadapalani,Sriperumbudur,"Virugambakkam, Valasarawakkam, Porur, Kovoor, Kundrathur, Somangalam, Nallur, Sumtheramedu Koot road, Pillaipakkam, Pattunool",Vadapalani
591B,Vadapalani,Perambakkam,"Virugambakkam, Porur, Poonamallee, Thandalam, Mannur, Kattukoot rd, Mappedu",Vadapalani
A18,Vandalur Zoo,High Court,"LIC, TVS, Saidapet, Guindy, Pallavaram, Chromepet, Tambaram",Vandalur
B18,Vandalur Zoo,Korukkupet,"Broadway, LIC, TVS, Saidapet, Guindy, Pallavaram, Tambaram",Vandalur
170T,Vandalur Zoo,Kaviarasu Kannadasan Nagar,"MR Nagar, Moolakadai, Retteri, Thirumangalam, CMBT, Vadapalani, Guindy, Pallavaram, Tambaram",Vandalur
515V,Vandalur,Kelambakkam,Mambakkam,Vandalur
A21,Vandalur Zoo,Thiruvanmiyur,"SRP Tools,Thorapakkam,Redial Road,Kamatchi Hospital, Eechangadu,Pallavaram, Chromepet, Tambaram, Perugalathur",Vandalur
PP66,Vandalur Zoo,Poonamallee,"Tambaram, Chromepet, Pallavaram, Pammal, Anakaputhur, Kundrathur, Mangadu, Karaiyanchavadi",Vandalur
70A,Vandalur Zoo,Avadi,Tambaram,Vandalur
114,Vandalur Zoo,Red Hills,"Tambaram, Pallavaram, Guindy, Ashok nagar, Vadapalani, CMBT, Thirumangalam, Anna nagar west, Padi, Thathankuppam, Kolathur,",Vandalur
170A,Vandalur Zoo,Madhavaram,"Thapal petti, Moolakadai, Retteri, Thirumangalam, CMBT, Vadapalani, Guindy, Pallavaram, Tambaram",Vandalur
170L,Vandalur Zoo,Kallikuppam,"Tambaram, Pallavaram, Guindy, Vadapalani, CMBT, Anna Nagar, Padi, Ambattur I.E, Ambattur OT, Pudur",Vandalur
M14A,Velachery,Medavakkam Koot Road,"Vanuvampettai, Madipakkam, Kilkattalai",Velacherry
19V,Velachery,Kovalam,"Taramani, SRP Tools, Jayanthi, Thiruvanmiyur, Injambakkam, MGM, Muttukadu",Velacherry
21J,Velachery,Guduvanchery,"Pallikkaranai, Medavakkam, Kamarajapuram, Camp Road, Poondi Bazar, Tambaram Sanatorium, Tambaram West, Vandalur",Velacherry
21J cut,Velachery,Tambaram West,"Pallikkaranai, Medavakkam, Kamarajapuram, Camp Road, Poondi Bazar, Tambaram Sanatorium",Velacherry
21P,Velachery,Tambaram,"Madipakkam, Kilkattalai, Eachangadu, Chromepet",Velacherry
M21,Velachery,Tambaram West,"Narayanapuram, Pallikaranai, Medavakkam, Camp Road, Tambaram East",Velacherry
M21 cut,Velachery,Medavakkam Koot Road,"Narayanapuram, Pallikaranai, Medavakkam",Velacherry
M21B,Velachery,Chromepet,"Narayanapuram, Pallikaranai, Medavakkam, Santhosapuram, Sembakkam, Thirumalai Nagar, Hasthinapuram",Velacherry
23V,Velachery,Villivakkam,"ICF, Ayanavaram, Purasaiwakkam, Egmore, LIC, TVS, Saidapet, Check post",Velacherry
29N,Velachery,Perambur,"Saidapet, T. Nagar, DMS, Gemini, Sterling Road/College Road, KMC",Velacherry
B29N,Velachery,Periyar nagar,"Saidapet, T. Nagar, DMS, Gemini, Sterling Road/College Road, KMC, Doveton, Perambur, Venus",Velacherry
45A,Velachery,V.House,"Saidapet, Nandanam, Adyar Gate",Velacherry
M45A,Velachery,Anna Square,"Saidapet, Nandanam, Adyar Gate",Velacherry
170M,Velachery,Manali,"Madhavaram Milk colony, Thapal petti, Moolakadai, TVK Nagar, Retteri, Thirumangalam, CMBT, Vadapalani, Ashok pillar, Guindy, Checkpost",Velacherry
551,Velachery,T. Acharavakkam,"Medavakkam,Sithalapakkam Koot road, Kovilancherry, Madurapakkam, Ponmar, Mambakkam, Kayar, Vembedu, Chembakkam Village",Velacherry
552,Velachery,Maraimalai Nagar,Guindy,Velacherry
1G,Velachery,Thiruvottiyur,"Saidapet, Annasalai, Parry's Corner, Kalmandapam, Tollgate",Velacherry
5R,Velachery,Saidapet,"Guindy, N.G.O. Colony, St.Thomas Mount, Vanuvampet, Velachery MRTS",Velacherry
21L,Velachery,Broadway,"Marina Beach, Foreshore Estate, MRC Nagar, Adyar, Anna University, Rajbhavan, Checkpost, Dhandeswarnagar",Velacherry
L21,Velachery,Broadway,"Marina Beach, Foreshore Estate, MRC Nagar, Adyar, SRP Tools",Velacherry
V51 cut,Velachery,Tambaram West,"Ram Nagar, Madipakkam, Kilkattalai, Kovilambakkam, Medavakkam Koot Road, Kamarajapuram, Camp Road",Velacherry
70W,Velachery,Mugappair West,"Wavin, Collector Nagar, CMBT, Vadapalani, Ashok Pillar, Guindy",Velacherry
D70,Velachery,Ambattur I.E,"Collector Nagar, CMBT, Vadapalani, Ashok nagar, Guindy, Checkpost, Velachery Bypass road",Velacherry
D70 xt,Velachery,Pattabiram,"Avadi, Ambattur O.T, Ambattur I.E",Velacherry
M170,Velachery,Thiruverkadu,"Velappan chavadi, Vanagaram, Maduravoyal, Nerkundram, Koyambedu Market, CMBT, Vadapalani, Ashok Pillar, Guindy, Checkpost",Velacherry
500J,Velachery,Chengalpattu,"Pallikkaranai, Medavakkam, Kamarajapuram, Camp Road, Tambaram East, Tambaram West, Vandalur Zoo",Velacherry
500V,Velachery,Chengalpattu,"Guindy, Pallvaram, Tambaram West, Vandalur Zoo",Velacherry
568B,Velachery,Thirupporur,"Sholinganallur, Kelambakkam",Velacherry
579V,Velachery,Padappai,"Mudichur, Tambaram, Chromepet, Eachangadu, Kilkattalai, Madipakkam, Ram Nagar",Velacherry
154E,Vellavedu,Ekkaduthangal,"Poonamallee, Kumananchavadi, Porur, Guindy",Vellavedu
54L,Vellavedu,High Court,"Poonamallee, Kumananchavadi, SRMC, Porur, Guindy, Saidapet, DMS, TVS, LIC, Central R.S",Vellavedu
G54,Vellavedu,T.Nagar,"Poonamallee, Kumananchavadi, SRMC, Porur, Guindy, Saidapet",Vellavedu
253,Vellavedu,Aminjikarai,"NSK, Mathuravoyal, Vellapanchavadi, Kumananchavadi, Poonamallee, Thirumazhisai",Vellavedu
70P,Veppampat tu,T. Nagar,"Thirunindravur, Avadi, Ambattur OT, Collector Nagar, CMBT, Liberty",Veppampattu
40A xt,Veppampat tu,Egmore,"KMC, Aminijikarai, Chinthamani, Blue Star, Collector Nagar, Ambattur OT, Avadi, Pattabiram, Thirunindravur",Veppampattu
54V,Veppampat tu,T.Nagar,"Sri ram Engg college,Perumalpattu, Ramasamy nagar, Periyakottambedu, Pudhuchatiram, Vellavedu,Poonamallee, Kumananchavadi, SRMC, Porur, Guindy, Saidapet",Veppampattu
70E,Veppampat tu,CMBT,"Collector Nagar, Ambattur OT, Avadi, Pattabiram, Thirunindravur",Veppampattu
20T,Villivakka m,Thiruverkadu,"Ambattur I.E, Ayapakkam",Villivakkam
37C,Villivakka m,Vadapalani,"Kambar Arangam,Ayanavara,Kellys,Purasaiwak kam, Egmore,DPI, Sterling Road, Valluvarkottam, Liberty",Villivakkam
48,Villivakka m,Vallalar Nagar,"ICF, Railway Quarters, Joint Office, Sayani, Otterri, Basin Bridge",Villivakkam
70T,Villivakka m,Tambaram,"Nadhamuni, Thirumangalam, CMBT, Vadapalani, Guindy, Pallavaram",Villivakkam
20,Villivakka m,Broadway,,Villivakkam
23V,Villivakka m,Velachery,"ICF, Ayanavaram, Purasaiwakkam, Egmore, LIC, TVS, Saidapet, Check post",Villivakkam
27D,Villivakka m,Foreshore Estate,"Santhome, AIR, V.M.Street, Stella Maris College, Thousand Lights, LIC, Pudhupet, Maternity Hospital, Egmore RS, Dasaprakash, Purasaiwakkam, Kellys, Ayanavaram, ICF",Villivakkam
47,Villivakka m,Thiruvanmiyur/ Adyar,"T.Nagar, Valluvar Kottam, Pushpa nagar,Loyola college, Anna Nagar East",Villivakkam
47B,Villivakka m,Besant Nagar,"Avvai Home, Adyar B.S, T.Nagar, Anna Nagar East",Villivakkam
T47,Villivakka m,Tidel Park,"Madiakailash, Saidapet, T. Nagar, Anna Hospital, ICF",Villivakkam
65V,Villivakka m,Poonamallee,"Nadhamuni, Padi, Ambattur I.E, Ambattur OT, Avadi, Karaiyanchavadi",Villivakkam
29,Vinayagapu ram,Mandaveli,"Kolahur, Agaram, Venus, Ptaaalam, Doveton, Egmore, L.I.C, Royapettah, Luz, Mylapore",Vinayakapuram
142,Vinayagapu ram,Perambur,,Vinayakapuram
9M,T.Nagar,T.Nagar,"Saidapet, Guindy, NGO Colony, Brindavan nagar, Kakkan Bridge",AGS Colony
519A,Aalathur IE,T. Nagar,"Saidapet, Tidel park,Sholinganallur, Kelambakkam, Thirupporur",Aalathur IE
519A cut,Aalathur IE,Adyar,"SRP tools, Sholinganallur, Kelambakkam, Thirupporur",Aalathur IE
54F xt,Agaram Mel,Mylapore,"Poonamallee, Kumananchavadi, Iyyapanthangal, Porur, Guindy, Adayar",Agaram Mel
88R,Amarambe du,High Court,"Gunidy, Porur, Kundrathur, Somangalam",Amaramedu
M89T,Amarambe du,Iyyapanthangal,"Porur, Kundrathur",Amaramedu
170R,Andarkupp am,CMBT,"Thirumangalam, Madhavaram, Kosappur",Andar Kuppam
A1,Central R.S,Thiruvanmiyur,"Adyar, Mylapore, Royapettah",Central Railway Station
A1 xt,Central R.S,Okkiam Thorapakkam,"SRP Tools, Thiruvanmiyur, Adyar, Mylapor e, Royapettah",Central Railway Station
M21C,Central R.S,Kannagi Nagar,"Thoraipakkam, Perungudi, Thiruvanmiyur, Adayar, Mandaveli",Central Railway Station
221H,Central R.S,Thirupporur,"LIC,DMS, Saidapet,IIT Chennai, Madhya Kailash, Tidel Park, Thoraipakkam, Sholinganallur, SIRUSERI, Kelambakkam",Central Railway Station
221H,Central R.S,Kelambakkam,"LIC,DMS, Saidapet,IIT Chennai, Madhya Kailash, Tidel Park, Thoraipakkam, Sholinganallur, SIRUSERI",Central Railway Station
19D,Chemmenc hery,Adyar,"Thiruvanmiyur, SRP, Perungudi",Chemmenjery
H21,Chemmenc hery,Broadway,"Secretrariat, Anna Square, AIR, Santhome, Foreshore Estate, MRC Nagar, Adyar, SRP Tools, Perungudi, Sholinganallur",Chemmenjery
G21,Chromepet,Broadway,"Secretariat, Kannaki Statue, QMC, Kalyani Hospital, Sanskrit College, Luz, Mylapore, Mandaveli BS, Adyar Gate, Kotturpuram, Anna university, Guindy, Pallavaram",Chrompet
M21B,Chromepet,Velachery,"Narayanapuram, Pallikaranai, Medavakkam, Santhosapuram, Sembakkam, Thirumalai Nagar, Hasthinapuram",Chrompet
70B,Chromepet Lakshmi,Avadi,"Ambattur OT, Collector Nagar, CMBT, Vadapalani, Udhayam, Pallavaram",Chrompet
44A,I.O.C (Indian Oil Corporatio n),Broadway,Tondiarpet,IOC
44C,I.O.C,Broadway,Korukkupet,IOC
44D,I.O.C,Broadway,Sathiyamoorthy Nagar,IOC
170E,I.O.C,Tambaram,"Korukkupettai, Kannadasan Nagar, Moolakadai, Retteri, Thirumangalam, CMBT, Vadapalani, Guindy, Pallavaram",IOC
PP19,Injambakka m,Broadway,"Marina Beach, Thiruvanmiyur",Injambakkam
C51 cut,Injambakka m,Tambaram West,"Camp Road, Kamarajapuram, Medavakkam, Sholinganallur, ECR",Injambakkam
11G,K K Nagar,High Court,"MGR Nagar, Ashok Pillar,Pangal Park, Annasalai, Central R.S, Parry's Corner",K K Nagar
12G,K K Nagar,Anna Square,"MGR Nagar, Ashok Pillar, West Mambalam, Alwarpet, Luz",K K Nagar
17D,K K Nagar,Broadway,"Central, Egmore, DPI, Sterling Road, Valluvarkottam, Liberty, Udhayam, Nesapakkam",K K Nagar
37D,KK Nagar,V Nagar,"Regal, Choolai P.O., Purasaivakkam,KMC, Chetpet,Ste rling road, Valluvarkottam, Liberty, Samiarmadam, Udhayam, Nesapakkam, MGR Nagar",K K Nagar
57F,Karanodai,High Court,"Beach R.S, Stanley, Mint, Basin Bridge, Vyasarpadi, Moolakadai, Puzhal, Red hills",Karanodai
156,Karanodai,Thiruvotriyur,,Karanodai
56,Kargil Nagar,Broadway,"V.Nagar, Tondiarpet, Thiruvottriyur, Sathyamoorthy nagar",Kargil Nagar
159K,Kargil Nagar,CMBT,"Thiruvottriyur, Therady, Tollgate, Tondiarpet, V.Nagar, Regal, Choolai P.O., Purasawakkam High Road, Kellys, Aminjikarai, Arumbakkam",Kargil Nagar
A1 xt,Kovalam,Broadway,"Central, LIC, Royapettah, Luz, Mylapore, Mandaveli, AMS, Adyar, Thiruvanmiyur, Kottivakkam, Palavakkam, Neelangarai, Injambakkam, Uthandi, Kanathur, Muttukadu boat yard",Kovalam
19G,Kovalam,Broadway,"Central, LIC, DMS, SIET, Saidapet, Anna university, Adyar, Thiruvanmiyur, Kottivakkam, Palavakkam, Neelangarai, Injambakkam, Uthandi, Kanathur, Muttukadu boat yard",Kovalam
19V,Kovalam,Velachery,"Taramani, SRP Tools, Jayanthi, Thiruvanmiyur, Injambakkam, MGM, Muttukadu",Kovalam
PP49,Kovalam,CMBT,"MMDA Colony, Vadapalani, Liberty, T.Nagar, Saidapet, Adyar, Thiruvanmiyur, Kottivakkam, Palavakkam, Injambakkam, Kanathur, Muttukadu",Kovalam
119,Kovalam,Thiruvottriyur,"Broadway, Marina Beach, Thiruvanmiyur, Injambakkam",Kovalam
T151,Kovalam,Tambaram East,"CampRoad, Medavakkam,Shozhinganallur, Navalur, Kelambakkam",Kovalam
T151K,Kovalam,Tambaram West,"CampRoad, Medavakkam, Shozhinganallur,Panaiyur, Uthandi, Kanathur, Muttukadu",Kovalam
517K,Kovalam,Pallavaram,"Eachangadu, Kovilambakkam, Medavakkam Koot Road, Sholinganallur, Kelambakkam",Kovalam
566B,Kovalam,Pattur,"Kundrathur, Anakaputhur, Pammal, Pallavaram, Chromepet, Tambaram Sanatorium, Tambaram, Perugalathur, Vandalur, Kandigai, Mambakkam, Pudhupakkam, Chettinad Hospital, Kelambakkam",Kovalam
1G Cut,Madipakka m,Broadway,"Velachery, Saidapet, TVS, LIC, Central",Madipakkam
51E,Madipakka m BS,Saidapet,"Velachery, Ram Nagar",Madipakkam
51M,Madipakka m BS,T. Nagar,"Saidapet, Guindy, NGO Colony, ST Thomas Mount, Vanuvampet, Madipakkam Koot road",Madipakkam
70D,Madipakka mB.S.,Ambattur I.E,"Collector Nagar, CMBT, Vadapalani, Ashok Nagar, Guindy, Velachery, Ram Nagar",Madipakkam
28A,Manali,Egmore R.S,"Andankuppam, Thiruvottriyur, Tollgate, Tondiarpet, Vallalarnagar, Regal, Central RS",Manali
44,Manali,Broadway,V.Nagar,Manali
56D,Manali,Broadway,"Beach R.S, Thambuchetty St., Kalmandappam, Kasimedu, Tondirapet, Tollgate, Rajakadai, Thiruvotriyur R.S, Mattumandai",Manali
M64C,Manali,Broadway,"Madhavaram Milk colony, Thapal petti, Moolakadai, Vyasarpadi, Pulianthope, Doveton, Central R.S",Manali
121A,Manali,CMBT,"Madhavaram Milk Colony, Thapal petti, Moolakadai, Retteri, Lucas, Thirumangalam",Manali
164C,Manali,Broadway,,Manali
170C xt,Manali,Guindy Estate,"Madhavaram Milk colony, Thapal petti, Moolakadai, TVK Nagar, Retteri, Thirumangalam, CMBT, Vadapalani",Manali
170M,Manali,Velachery,"Madhavaram Milk colony, Thapal petti, Moolakadai, TVK Nagar, Retteri, Thirumangalam, CMBT, Vadapalani, Ashok pillar, Guindy, Checkpost",Manali
17B,Mangadu,Broadway,"Paranipathur, Baikadai, Moulivakkam, Porur, Virugambakkam, Vadapalani, Gemini, Thousand lights, Central",Mangadu
53E,Mangadu,Broadway,"Kumananchavadi, Mathruvayoil, Arumbakkam, Aminijikarai, KMC, Central R.S",Mangadu
54M,Mangadu,High Court,"Paraniputhur, Baikadai, Moulivakkam, Porur, Guindy, Saidapet, DMS, TVS, LIC, Central R.S",Mangadu
1G xt,Medavakka m,Thiruvottiyur,"Velachery, Saidapet, TVS, LIC, Parry's Corner, Kalmandapam, Tollgate",Medavakkam
M14,Medavakka m Junction,N.G.O Colony B.S,"Adambakkam, Vanuvampet, Ullagaram, Puzhithivakkam, Madipakkam Koot rd, Ganesh Nagar, Kilkattalai, Kovilambakkam, Vadakkupet, Vellaikal, Bell Nagar, Medavakkam",Medavakkam
M14A,Medavakka m Koot Road,Velachery,"Vanuvampettai, Madipakkam, Kilkattalai",Medavakkam
M15,Medavakka m,Mylapore,"Adyar, Thiruvanmiyur, SRP Tools, Velachery, Pallikaranai",Medavakkam
B21xt,Medavakka m Koot Road,Korukkupet,"V.Nagar, Parrys, Secretrariat, Anna Square, AIR, Santhome, Foreshore Estate, MRC Nagar, Adyar, SRP Tools, Velacherry, Madipakkam Koot road, Kilkatalai, Kovilambakkam, Vellakal",Medavakkam
M21,Medavakka,Velachery,"Narayanapuram, Pallikaranai,",Medavakkam
D51,Medavakka m koot road,High Court,"Medavakkam, Pallikkaranai, Velachery, Guindy Race Course, DMS, LIC, Central R.S",Medavakkam
D70 xt,Medavakka m,Ambattur I.E,"Collector Nagar, Vadapalani, Ashok nagar, Guindy, Checkpost, Velacherry, Pallikaranai",Medavakkam
17G,Mogalivakk am,Broadway,"Kedar Hospital, Ramapuram, Angalamman Koil, Alwarthirunagar, Virugambakkam, Vadapalani, Gemini, Thousand lights, Central",Mogalivakkam
G17,Mogalivakk am,Broadway,"Kedar Hospital,Porur, Valsarawakkam, Alwarthirunagar, Virugambakkam, Vadapalani, Gemini, Thousand lights, Central",Mogalivakkam
M1A,Nanganallu r,Thiruvanmiyur,"SRP Tools, Velachery, Kaiveli, Ram Nagar, Madipakkam, Madipakkam Koot Road",Nanganallur
M18N,Nanganallu r,Guduvanchery,"Pazhavanthangal, Pallavaram, Chromepet, Tambaram, Vandalur Zoo, Oorapakkam",Nanganallur
M21G xt,Nanganallu r,Broadway,"Secretariat, Kannaki Statue, QMC, Kalyani Hospital, Luz, Mylapore, Mandaveli BS, Adyar Gate, Kotturpuram, Anna university, Guindy, Pazhavanthangal Station,",Nanganallur
M45B,Nanganallu r,Anna Square,"Saidapet, Nandanam, Teynampet, Alwarpet, Luz, Chennai Citi Centre",Nanganallur
52L,Nanganallu r,High Court,"Aasargana, Guindy,Anna Salai",Nanganallur
129C,Nanganallu r,Perambur,"T.Nagar,Sterling Road,Chetpet,Otteri",Nanganallur
154B,Nanganallu r,Poonamallee,"Kumanachavadi, Porur, Guindy,St.Thomas Mount,Vanuvampet",Nanganallur
M2,Ottiambakk am,Saidapet,"Velachery, Medavakkam",Ottiyambakkam
C21,Ottiyambak kam,Broadway,"Secretrariat, Anna Square, AIR, Santhome, Foreshore Estate, MRC Nagar, Adyar, SRP Tools, Perungudi, Sholinganallur, Perumbakkam, Nukkanpalayam, Arasan Kazhani",Ottiyambakkam
51B xt,Ottiyambak kam,T.Nagar,"Saidapet, Checkpost, Velachery, Narayanapuram, Pallikaranai, Medavakkam, Sithalapakkam koot road, Sithalapakkam, Arasan kazhani",Ottiyambakkam
M51C,Ottiambakk am,T. Nagar,"Velachery, MEDAVAKKAM, Perumbakkam",Ottiyambakkam
E51,Ottiambakk am,High Court,"Arasan kazhani, Sithalapakkam, Sithalapakkam Koot road, Medavakkam, Pallikkaranai, Velachery,Guindy Race Course, DMS, LIC, Central R.S",Ottiyambakkam
M51C,Ottiambakk am,T.Nagar,"Arasan Kazhani, Nukkanpalayam, Perumbakkam, Medavakkam, Pallikaranai, Velacherry, Checkpost, Saidapet",Ottiyambakkam
51J,Ponmar,Broadway,"Central, LIC, DMS, SIET, Saidapet, CheckpostVelachery,Medavakkam,Sith alapakkam koot road,Kovilancherry,Madurapakkam",Ponmar
51T,Ponmar,Tambaram East,"Camp road, Balaji nagar, Thiruvancherry, Paduvancherry, Agaram then, Kovilancherry, Madurapakkam",Ponmar
536,Ponneri,Pattabiram,"Avadi, Ambattur O.T., Pudhur, Puzhal, Red Hills",Ponneri
558,Ponneri,V.Nagar,"Red Hills, Karanodai",Ponneri
562B,Ponneri,Poonamallee,"Janappan chathram x Road, Karanodai, Red Hills, Puzhal, Ambattur OT, Avadi, Karaiyanchavadi",Ponneri
10A,Saidapet West,Tollgate,"Kal mandapam, Parrys, Central R.S, Egmore R.S, Maternity Hospital, DPI, Sterling road, Valluvar Kottam, Panagal park, T.Nagar, Srinivasa Theater, Mettupalayam",Saidapet West
18K,Saidapet W est,Broadway,"Central R.S, Simpson, LIC, TVS, DMS, Teynampet, Nandanam, CIT Nagar, Srinivasa, Mettupalayam",Saidapet West
K18,Saidapet W est,Broadway,"Central R.S, Simpson, LIC, TVS, DMS, Teynampet, Nandanam, Saidapet, Guindy, Ekkaduthangal,Ashok nagar, Mettupalayam",Saidapet West
88D,Saidapet West,Kundrathur,"Koovoor, Periyapannicherry, Baikadai, Porur, Guindy, Saidapet, Srinivasa Theater",Saidapet West
19K,Siruseri,Adyar B.S.,"Thiruvanmiyur, Perungudi, Navalur, Thalambur",Siruseri
570S,SiruseriSIP COT,CMBT,"Vadapalani, Ashok Nagar, Guindy, Check post, Velachery, SRP tools, Perungudi, Sholinganallur, Navalur",Siruseri
5C,Taramani,Broadway,"Madhya Kailash, Kotturpuram, Alwarpet, Royapettah, Chennai Central",Tharamani
5K,Taramani,Mylapore,,Tharamani
5T,Taramani,Vadapalani,"Saidapet, T.Nagar, Ashok pillar,",Tharamani
7K,Taramani,T.Nagar,"Saidapet, Anna university, CPT, WPT,Tidel park",Tharamani
1J,Triplicane,Thiruvottiyur,"Rajakadai, Tollgate, Kalmandappam, Pa rry's Corner, Central R.S",Triplicane
13B,Triplicane,T. Nagar,"Zambazzar, Express avenue, Royapettah, Gopalapuram playground, Thousand Lights, DMS, Pondy Bazzar, Panagal park",Triplicane
44B,Triplicane,Manali New Town,,Triplicane
